node,address,is_infra,chain_id,year,month,in_degree,out_degree,in_transfer_count,out_transfer_count,total_input_amount,total_output_amount,balance_proxy,self_loop_count,two_node_loop_count,two_node_loop_amount,two_node_loop_tx_count,triangle_loop_count,triangle_loop_amount,triangle_loop_tx_count,egonet_node_count,egonet_edge_count,egonet_density,H1_flag,H1_description,H2_flag,H2_description,H3_flag,H3_description,H4_flag,H4_description,H5_flag,H5_description,H6_flag,H6_description,mahalanobis_distance,iforest_score,rule_score_raw,rule_score_100,mahalanobis_distance_stats_score_100,iforest_stats_score_100,final_score_0_100,final_score_top_percent,final_score_top_percent_display
0,0x00000000006c3852cbef3e08e8df289169ede581,1,1,2023,1,,,,,,,,,,,,,,,,,,,,,,,,,,,,,,,,,,,,,,
1,0x0000a26b00c1f0df003000390027140000faa719,1,1,2023,1,,,,,,,,,,,,,,,,,,,,,,,,,,,,,,,,,,,,,,
2,0x05fa91c59008813c95ec49e7dbcdd8890cc99fb7,0,1,2023,1,1.0,0.0,1.0,0.0,4995000000000000.0,0.0,4995000000000000,0.0,0.0,0.0,0.0,0.0,0.0,0.0,1.0,0.0,0.0,0.0,,0.0,,0.0,,0.0,,0.0,,0.0,,1.5106843270098393,-0.019143222403989635,0.0,0.0,43.548386,54.51613,32.68817,46.13,46.13%
3,0x204552e33c3500d346ab257dc159b9f9f597fc91,0,1,2023,1,1.0,0.0,3.0,0.0,8470000000000000.0,0.0,8470000000000000,0.0,0.0,0.0,0.0,0.0,0.0,0.0,1.0,0.0,0.0,0.0,,0.0,,0.0,,0.0,,0.0,,0.0,,1.2054497884609003,-0.02187911146563415,0.0,0.0,0.9677419,44.83871,15.268818,81.29,81.29%
4,0x22be5f8a44765ba842c1ae2375d9d8137150bba6,0,1,2023,1,1.0,0.0,1.0,0.0,4.7175e+16,0.0,47175000000000000,0.0,0.0,0.0,0.0,0.0,0.0,0.0,1.0,0.0,0.0,0.0,,0.0,,0.0,,0.0,,0.0,,0.0,,1.4231585094866326,-0.025405607519635887,0.0,0.0,27.419355,11.612904,13.010753,83.87,83.87%
5,0x2dcc7c4ab800bf67380e2553be1e6891a36f18e7,0,1,2023,1,1.0,0.0,1.0,0.0,1767000000000000.0,0.0,1767000000000000,0.0,0.0,0.0,0.0,0.0,0.0,0.0,1.0,0.0,0.0,0.0,,0.0,,0.0,,0.0,,0.0,,0.0,,1.5741260342737309,-0.012179414691246004,0.0,0.0,59.032257,68.70968,42.580647,35.48,35.48%
6,0x37f7be01a006efc949c215c86a8ce51a93f5ac6a,0,1,2023,1,1.0,0.0,1.0,0.0,4.625e+16,0.0,46250000000000000,0.0,0.0,0.0,0.0,0.0,0.0,0.0,1.0,0.0,0.0,0.0,,0.0,,0.0,,0.0,,0.0,,0.0,,1.3836264422193292,-0.025405607519635887,0.0,0.0,16.451612,11.612904,9.354838,91.61,91.61%
7,0x5198b9cafaa588870d10a127f1e249b18c0fa2bd,0,1,2023,1,1.0,0.0,1.0,0.0,4615750000000000.0,0.0,4615750000000000,0.0,0.0,0.0,0.0,0.0,0.0,0.0,1.0,0.0,0.0,0.0,,0.0,,0.0,,0.0,,0.0,,0.0,,1.4016588878755674,-0.019632767705012266,0.0,0.0,19.35484,50.322582,23.225807,64.84,64.84%
8,0x55ad3bbafaccb70f646c50a6699bf50bfc3ed603,0,1,2023,1,1.0,0.0,1.0,0.0,9231500000000000.0,0.0,9231500000000000,0.0,0.0,0.0,0.0,0.0,0.0,0.0,1.0,0.0,0.0,0.0,,0.0,,0.0,,0.0,,0.0,,0.0,,1.6375292545828166,-0.021920436163827328,0.0,0.0,70.96774,43.870968,38.27957,39.68,39.68%
9,0x88ae9b800ad8cd6c4608564083c2cc1ffcf5f9e8,0,1,2023,1,1.0,0.0,1.0,0.0,615000000000000.0,0.0,615000000000000,0.0,0.0,0.0,0.0,0.0,0.0,0.0,1.0,0.0,0.0,0.0,,0.0,,0.0,,0.0,,0.0,,0.0,,1.7844454244548167,-0.0038442499573308475,0.0,0.0,79.03226,80.96774,53.333332,19.35,19.35%
10,0x91fbe07758def2ec4a8ce341e0b2cabccb12cf54,0,1,2023,1,1.0,0.0,1.0,0.0,9231500000000000.0,0.0,9231500000000000,0.0,0.0,0.0,0.0,0.0,0.0,0.0,1.0,0.0,0.0,0.0,,0.0,,0.0,,0.0,,0.0,,0.0,,1.6375292545828166,-0.021920436163827328,0.0,0.0,70.96774,43.870968,38.27957,39.68,39.68%
11,0xa09bc35214e94708e20199179827b561e9c8d24e,0,1,2023,1,1.0,0.0,1.0,0.0,1.13775e+16,0.0,11377500000000000,0.0,0.0,0.0,0.0,0.0,0.0,0.0,1.0,0.0,0.0,0.0,,0.0,,0.0,,0.0,,0.0,,0.0,,1.340155872464625,-0.022337660922332803,0.0,0.0,11.935484,39.35484,17.096773,75.81,75.81%
12,0xc7b19a41771cd15ec804fb202ae8bf13cf2c6f0b,0,1,2023,1,1.0,0.0,1.0,0.0,6.327e+16,0.0,63270000000000000,0.0,0.0,0.0,0.0,0.0,0.0,0.0,1.0,0.0,0.0,0.0,,0.0,,0.0,,0.0,,0.0,,0.0,,1.4838969561517865,-0.025362462211752868,0.0,0.0,38.387096,12.903226,17.096773,75.81,75.81%
13,0xe97103c3c8aa58709c2920c831d1baf97d5dd5d1,0,1,2023,1,1.0,0.0,1.0,0.0,4615750000000000.0,0.0,4615750000000000,0.0,0.0,0.0,0.0,0.0,0.0,0.0,1.0,0.0,0.0,0.0,,0.0,,0.0,,0.0,,0.0,,0.0,,1.4016588878755674,-0.019632767705012266,0.0,0.0,19.35484,50.322582,23.225807,64.84,64.84%
14,0x0149ed51d951ac20eb56a49c6b1850d60c59711c,0,1,2023,1,0.0,1.0,0.0,1.0,0.0,9e+16,-90000000000000000,0.0,0.0,0.0,0.0,0.0,0.0,0.0,1.0,0.0,0.0,0.0,,0.0,,0.0,,0.0,,0.0,,0.0,,1.2814016475582808,-0.02698368454687139,0.0,0.0,6.129032,1.2903225,2.473118,100.0,100.00%
15,0x68b3465833fb72a70ecdf485e0e4c7bd8665fc45,1,1,2023,1,,,,,,,,,,,,,,,,,,,,,,,,,,,,,,,,,,,,,,
16,0x06012c8cf97bead5deae237070f9587f8e7a266d,0,1,2023,1,0.0,1.0,0.0,1.0,0.0,8000000000000000.0,-8000000000000000,0.0,0.0,0.0,0.0,0.0,0.0,0.0,2.0,1.0,0.5,0.0,,0.0,,0.0,,0.0,,0.0,,0.0,,1.498743239666605,-0.01064117632303635,0.0,0.0,42.258064,71.29032,37.84946,40.65,40.65%
17,0xab5622d7da96c571c6abe08e4b85e462eb666e4f,0,1,2023,1,1.0,0.0,1.0,0.0,8000000000000000.0,0.0,8000000000000000,0.0,0.0,0.0,0.0,0.0,0.0,0.0,2.0,1.0,0.5,0.0,,0.0,,0.0,,0.0,,0.0,,0.0,,1.5801099335689148,-0.01291162442463778,0.0,0.0,60.967743,67.41936,42.7957,34.52,34.52%
18,0x09bddabe4216ab0657c8a96df92793f4a258677e,0,1,2023,1,0.0,1.0,0.0,1.0,0.0,1.653013826334212e+17,-165301382633421183,0.0,0.0,0.0,0.0,0.0,0.0,0.0,1.0,0.0,0.0,0.0,,0.0,,0.0,,0.0,,0.0,,0.0,,1.2542832648247684,-0.024921680002964686,0.0,0.0,3.548387,22.258064,8.602151,93.55,93.55%
19,0x28c6c06298d514db089934071355e5743bf21d60,1,1,2023,1,,,,,,,,,,,,,,,,,,,,,,,,,,,,,,,,,,,,,,
20,0x10774202e45b3fcbc4c7613bba9d583ad853037b,0,1,2023,1,0.0,1.0,0.0,1.0,0.0,1.3775119e+17,-137751190000000000,0.0,0.0,0.0,0.0,0.0,0.0,0.0,2.0,1.0,0.5,0.0,,0.0,,0.0,,0.0,,0.0,,0.0,,1.3100118085355994,-0.02151472645649899,0.0,0.0,8.064516,46.774193,18.27957,74.19,74.19%
21,0xd5eab5726bcd05a62becc74bdac5df9c7fa93622,0,1,2023,1,1.0,0.0,1.0,0.0,1.3775119e+17,0.0,137751190000000000,0.0,0.0,0.0,0.0,0.0,0.0,0.0,2.0,1.0,0.5,0.0,,0.0,,0.0,,0.0,,0.0,,0.0,,1.478176366153328,-0.019806524485860066,0.0,0.0,36.451614,49.35484,28.602152,52.9,52.90%
22,0x110ceb8723bd40dc0124e223d13c18be8369167b,0,1,2023,1,0.0,1.0,0.0,1.0,0.0,2.1099349e+19,-21099349000000000000,0.0,0.0,0.0,0.0,0.0,0.0,0.0,1.0,0.0,0.0,0.0,,0.0,,0.0,,0.0,,0.0,,0.0,,1.8666290395007228,0.008378751058661149,0.0,0.0,81.6129,88.064514,56.55914,15.16,15.16%
23,0x7c195d981abfdc3ddecd2ca0fed0958430488e34,1,1,2023,1,,,,,,,,,,,,,,,,,,,,,,,,,,,,,,,,,,,,,,
24,0x12d27c5b6870642136344f776aabd97a5b6b0c20,0,1,2023,1,0.0,1.0,0.0,1.0,0.0,5.24373684712089e+16,-52437368471208896,0.0,0.0,0.0,0.0,0.0,0.0,0.0,2.0,1.0,0.5,0.0,,0.0,,0.0,,0.0,,0.0,,0.0,,1.4162509662972484,-0.026763597896026226,0.0,0.0,24.838709,2.2580645,9.032258,92.26,92.26%
25,0x29d5527caa78f1946a409fa6acaf14a0a4a0274b,0,1,2023,1,2.0,1.0,2.0,1.0,3.524373684712089e+17,2.0750888e+17,144928488471208896,0.0,0.0,0.0,0.0,0.0,0.0,0.0,4.0,3.0,0.25,0.0,,0.0,,0.0,,0.0,,0.0,,0.0,,4.793270388201915,0.05577885344421585,0.0,0.0,96.451614,94.51613,63.655914,6.13,6.13%
26,0x15ece0d7de25436bcfcf3d62a9085ddc7838aee9,0,1,2023,1,0.0,1.0,0.0,1.0,0.0,3.7e+16,-37000000000000000,0.0,0.0,0.0,0.0,0.0,0.0,0.0,2.0,1.0,0.5,0.0,,0.0,,0.0,,0.0,,0.0,,0.0,,1.3052796368821347,-0.02622731299080122,0.0,0.0,7.419355,6.129032,4.516129,98.71,98.71%
27,0x867ae719902f8ba4aaf475edb342cd59bdb6804a,0,1,2023,1,1.0,0.0,1.0,0.0,3.7e+16,0.0,37000000000000000,0.0,0.0,0.0,0.0,0.0,0.0,0.0,2.0,1.0,0.5,0.0,,0.0,,0.0,,0.0,,0.0,,0.0,,1.519490238479009,-0.022585850402361884,0.0,0.0,46.129032,37.741936,27.956991,56.13,56.13%
28,0x1689a089aa12d6cbbd88bc2755e4c192f8702000,1,1,2023,1,,,,,,,,,,,,,,,,,,,,,,,,,,,,,,,,,,,,,,
29,0x6dfd404a0def11b58b464dd17092e855e46f8a42,0,1,2023,1,1.0,0.0,1.0,0.0,4335000000000000.0,0.0,4335000000000000,0.0,0.0,0.0,0.0,0.0,0.0,0.0,1.0,0.0,0.0,0.0,,0.0,,0.0,,0.0,,0.0,,0.0,,1.3285241514164503,-0.01869463476909894,0.0,0.0,10.645162,55.80645,22.150537,69.03,69.03%
30,0x181f01643d899097b8d52996180632882afa867e,0,1,2023,1,0.0,1.0,0.0,1.0,0.0,2.3787953137468432e+17,-237879531374684329,0.0,0.0,0.0,0.0,0.0,0.0,0.0,1.0,0.0,0.0,0.0,,0.0,,0.0,,0.0,,0.0,,0.0,,1.4238735619193919,-0.024998233970330075,0.0,0.0,28.064516,19.67742,15.913979,80.65,80.65%
31,0x1855ae1fffa2bd43078614e9cfeb18f425d347ac,0,1,2023,1,0.0,1.0,0.0,1.0,0.0,1.5e+16,-15000000000000000,0.0,0.0,0.0,0.0,0.0,0.0,0.0,1.0,0.0,0.0,0.0,,0.0,,0.0,,0.0,,0.0,,0.0,,1.2807583839664491,-0.015499353844611041,0.0,0.0,5.483871,61.612904,22.365591,67.74,67.74%
32,0x1c63963685e5e83f921aec073eff44fdbd693406,0,1,2023,1,0.0,1.0,0.0,1.0,0.0,2.7904649411401168e+17,-279046494114011715,0.0,0.0,0.0,0.0,0.0,0.0,0.0,1.0,0.0,0.0,0.0,,0.0,,0.0,,0.0,,0.0,,0.0,,1.2310064716916072,-0.024998233970330075,0.0,0.0,1.6129032,19.67742,7.0967746,95.48,95.48%
33,0xa9d1e08c7793af67e9d92fe308d5697fb81d3e43,1,1,2023,1,,,,,,,,,,,,,,,,,,,,,,,,,,,,,,,,,,,,,,
34,0x1c727a55ea3c11b0ab7d3a361fe0f3c47ce6de5d,0,1,2023,1,0.0,2.0,0.0,2.0,0.0,5.5092263177564256e+17,-550922631775642639,0.0,0.0,0.0,0.0,0.0,0.0,0.0,3.0,2.0,0.3333333333333333,0.0,,0.0,,0.0,,0.0,,0.0,,0.0,,3.6154006845486157,0.07609511043803541,0.0,0.0,93.870964,97.741936,63.870968,4.52,4.52%
35,0x1b1f7f5e38bd9e23c8cc4170984ea80d08e20259,0,1,2023,1,1.0,0.0,1.0,0.0,4.8060686481014936e+16,0.0,48060686481014934,0.0,0.0,0.0,0.0,0.0,0.0,0.0,2.0,1.0,0.5,0.0,,0.0,,0.0,,0.0,,0.0,,0.0,,1.534878196366189,-0.02385942156510157,0.0,0.0,51.29032,28.387096,26.559137,59.03,59.03%
36,0x4c09c9ecf9eac125958a4bc02e8c3d6d39c1a0f5,0,1,2023,1,1.0,0.0,1.0,0.0,5.028619452946277e+17,0.0,502861945294627705,0.0,0.0,0.0,0.0,0.0,0.0,0.0,2.0,1.0,0.5,0.0,,0.0,,0.0,,0.0,,0.0,,0.0,,1.5936187012078564,-0.013603455029179756,0.0,0.0,62.258064,66.451614,42.90323,33.55,33.55%
37,0x2088eff304facbb64ff37ae469b6e89e61390c76,0,1,2023,1,0.0,1.0,0.0,1.0,0.0,1.881108187364871e+19,-18811081873648707573,0.0,0.0,0.0,0.0,0.0,0.0,0.0,1.0,0.0,0.0,0.0,,0.0,,0.0,,0.0,,0.0,,0.0,,1.8882775571075066,0.006955136660468875,0.0,0.0,84.19355,86.129036,56.774197,13.55,13.55%
38,0x20977658df98841d72d001bae43c5501553eabe9,0,1,2023,1,0.0,1.0,0.0,1.0,0.0,100000000000000.0,-100000000000000,0.0,0.0,0.0,0.0,0.0,0.0,0.0,2.0,1.0,0.5,0.0,,0.0,,0.0,,0.0,,0.0,,0.0,,2.075403983260456,0.015455865695373383,0.0,0.0,89.67742,90.96774,60.215057,9.35,9.35%
39,0x99027c41f74b38862f53bda999881d8389fc6a92,0,1,2023,1,1.0,0.0,1.0,0.0,100000000000000.0,0.0,100000000000000,0.0,0.0,0.0,0.0,0.0,0.0,0.0,2.0,1.0,0.5,0.0,,0.0,,0.0,,0.0,,0.0,,0.0,,2.1344990865083786,0.024182281430933816,0.0,0.0,91.29032,92.58064,61.290325,8.06,8.06%
40,0x21a31ee1afc51d94c2efccaa2092ad1028285549,1,1,2023,1,,,,,,,,,,,,,,,,,,,,,,,,,,,,,,,,,,,,,,
41,0x001fd67583b0a575ff4aa1825405e94221611cce,0,1,2023,1,1.0,0.0,1.0,0.0,2.488e+17,0.0,248800000000000000,0.0,0.0,0.0,0.0,0.0,0.0,0.0,1.0,0.0,0.0,0.0,,0.0,,0.0,,0.0,,0.0,,0.0,,1.4546509630041125,-0.012532448662152806,0.0,0.0,33.870968,68.064514,33.978497,44.52,44.52%
42,0x21ddf1db140aa2855f3a1c4377ea35e4a097a1c3,0,1,2023,1,0.0,1.0,0.0,1.0,0.0,6.84e+16,-68400000000000000,0.0,0.0,0.0,0.0,0.0,0.0,0.0,1.0,0.0,0.0,0.0,,0.0,,0.0,,0.0,,0.0,,0.0,,1.4258012371303108,-0.026131479789974488,0.0,0.0,28.709677,8.387096,12.36559,87.1,87.10%
43,0x22f9dcf4647084d6c31b2765f6910cd85c178c18,1,1,2023,1,,,,,,,,,,,,,,,,,,,,,,,,,,,,,,,,,,,,,,
44,0xc02aaa39b223fe8d0a0e5c4f27ead9083c756cc2,1,1,2023,1,,,,,,,,,,,,,,,,,,,,,,,,,,,,,,,,,,,,,,
45,0x264733d825a749a1c1168551303abf4f3f71b46a,0,1,2023,1,0.0,1.0,0.0,1.0,0.0,4e+17,-400000000000000000,0.0,0.0,0.0,0.0,0.0,0.0,0.0,2.0,1.0,0.5,0.0,,0.0,,0.0,,0.0,,0.0,,0.0,,1.5199582588592784,-0.020428079343655148,0.0,0.0,46.774193,48.70968,31.827957,49.68,49.68%
46,0x0e8bff23f229d98e422f51b86c7eb2d3efab96bf,0,1,2023,1,1.0,0.0,1.0,0.0,4e+17,0.0,400000000000000000,0.0,0.0,0.0,0.0,0.0,0.0,0.0,2.0,1.0,0.5,0.0,,0.0,,0.0,,0.0,,0.0,,0.0,,1.7433768105254928,-0.014680743922671102,0.0,0.0,75.80645,62.903225,46.236557,28.39,28.39%
47,0x272334d31fe14f3f0da1e30fb8afa3f244ca9535,0,1,2023,1,0.0,1.0,0.0,1.0,0.0,1.1582842915360276e+18,-1158284291536027600,0.0,0.0,0.0,0.0,0.0,0.0,0.0,1.0,0.0,0.0,0.0,,0.0,,0.0,,0.0,,0.0,,0.0,,1.4929642200816138,-0.0179253114105824,0.0,0.0,39.677418,58.387096,32.68817,46.13,46.13%
48,0xdef1c0ded9bec7f1a1670819833240f027b25eff,1,1,2023,1,,,,,,,,,,,,,,,,,,,,,,,,,,,,,,,,,,,,,,
49,0x283af0b28c62c092c9727f1ee09c02ca627eb7f5,1,1,2023,1,,,,,,,,,,,,,,,,,,,,,,,,,,,,,,,,,,,,,,
50,0x61fda88dd761b8c79e5e03725ed7ba9ce3b10193,0,1,2023,1,1.0,1.0,1.0,1.0,1255272615307157.0,1.3807998768378728e+16,-12552726153071572,0.0,0.0,0.0,0.0,0.0,0.0,0.0,1.0,0.0,0.0,0.0,,0.0,,0.0,,0.0,,0.0,,0.0,,3.4858655793563242,0.051493918837112185,0.0,0.0,93.22581,93.22581,62.15054,7.1,7.10%
51,0xa12d05a7656be9dd46f575182893ec94193cc60e,0,1,2023,1,1.0,0.0,1.0,0.0,2.0750888e+17,0.0,207508880000000000,0.0,0.0,0.0,0.0,0.0,0.0,0.0,2.0,1.0,0.5,0.0,,0.0,,0.0,,0.0,,0.0,,0.0,,1.5209251277198006,-0.01858999596614741,0.0,0.0,47.419353,57.096775,34.83871,43.23,43.23%
52,0x2c96eb9d9744aa007ab0555daa329c1f09cfc6bf,0,1,2023,1,0.0,1.0,0.0,1.0,0.0,3e+17,-300000000000000000,0.0,0.0,0.0,0.0,0.0,0.0,0.0,2.0,1.0,0.5,0.0,,0.0,,0.0,,0.0,,0.0,,0.0,,1.6035638885321253,-0.02221756675898856,0.0,0.0,63.548386,40.64516,34.731182,43.87,43.87%
53,0x2e0239b77856efd5ab20b3d09dc0eb494b3e522d,0,1,2023,1,0.0,1.0,0.0,1.0,0.0,2e+16,-20000000000000000,0.0,0.0,0.0,0.0,0.0,0.0,0.0,2.0,1.0,0.5,0.0,,0.0,,0.0,,0.0,,0.0,,0.0,,1.4439367591869114,-0.022627427750824658,0.0,0.0,31.935484,36.774193,22.903227,66.45,66.45%
54,0x5572303165aa526a52f0c69b2215d292e734af13,0,1,2023,1,1.0,0.0,1.0,0.0,2e+16,0.0,20000000000000000,0.0,0.0,0.0,0.0,0.0,0.0,0.0,2.0,1.0,0.5,0.0,,0.0,,0.0,,0.0,,0.0,,0.0,,1.4717961832597959,-0.019468215863632676,0.0,0.0,35.80645,51.935482,29.247309,52.26,52.26%
55,0x2e9f2ff5a16a80db3dd9998eee9147b5da585124,0,1,2023,1,0.0,1.0,0.0,1.0,0.0,2.45534261274948e+17,-245534261274948000,0.0,0.0,0.0,0.0,0.0,0.0,0.0,2.0,1.0,0.5,0.0,,0.0,,0.0,,0.0,,0.0,,0.0,,1.5459341027821998,-0.022040619427001584,0.0,0.0,53.870968,42.258064,32.04301,48.06,48.06%
56,0x912fd21d7a69678227fe6d08c64222db41477ba0,0,1,2023,1,1.0,0.0,1.0,0.0,2.45534261274948e+17,0.0,245534261274948000,0.0,0.0,0.0,0.0,0.0,0.0,0.0,2.0,1.0,0.5,0.0,,0.0,,0.0,,0.0,,0.0,,0.0,,1.6308693518084036,-0.01874949623345057,0.0,0.0,67.41936,55.16129,40.860214,37.42,37.42%
57,0x30cc4096861925584aed2121c28ef7873c4c7c32,0,1,2023,1,0.0,1.0,0.0,1.0,0.0,1.304629627926264e+18,-1304629627926264000,0.0,0.0,0.0,0.0,0.0,0.0,0.0,2.0,1.0,0.5,0.0,,0.0,,0.0,,0.0,,0.0,,0.0,,1.5946682883096752,-0.01410439355877613,0.0,0.0,62.903225,65.48387,42.7957,34.52,34.52%
58,0xfa9f7a1cbfbcb688729c522b4f0905ccf4d26d25,0,1,2023,1,1.0,0.0,1.0,0.0,1.304629627926264e+18,0.0,1304629627926264000,0.0,0.0,0.0,0.0,0.0,0.0,0.0,2.0,1.0,0.5,0.0,,0.0,,0.0,,0.0,,0.0,,0.0,,1.8829820943635154,-0.011401311184809193,0.0,0.0,83.548386,69.67742,51.075268,23.87,23.87%
59,0x342d0c672253bef4e4271d1ec2672b0466c11b82,0,1,2023,1,0.0,1.0,0.0,1.0,0.0,9.4680401932022e+16,-94680401932022000,0.0,0.0,0.0,0.0,0.0,0.0,0.0,1.0,0.0,0.0,0.0,,0.0,,0.0,,0.0,,0.0,,0.0,,1.4230047491355864,-0.026303383045842677,0.0,0.0,26.129032,5.483871,10.537635,89.03,89.03%
60,0x34bf571ada242ba0386bf287f436cf15c7c1a598,0,1,2023,1,0.0,1.0,0.0,1.0,0.0,5.5503930046778e+17,-555039300467780000,0.0,0.0,0.0,0.0,0.0,0.0,0.0,1.0,0.0,0.0,0.0,,0.0,,0.0,,0.0,,0.0,,0.0,,1.5789158309702522,-0.021438793542661594,0.0,0.0,60.322582,47.419353,35.91398,42.58,42.58%
61,0x35c7f81e953c61ab42d0a052f0fadea82fb0f362,0,1,2023,1,0.0,1.0,0.0,1.0,0.0,5e+16,-50000000000000000,0.0,0.0,0.0,0.0,0.0,0.0,0.0,1.0,0.0,0.0,0.0,,0.0,,0.0,,0.0,,0.0,,0.0,,1.4979790410723204,-0.025206212585430432,0.0,0.0,41.29032,15.806452,19.032257,72.58,72.58%
62,0x387f4e215ac1299a125e905aed48e9c6ea5c4470,0,1,2023,1,0.0,1.0,0.0,1.0,0.0,6.681050311104521e+16,-66810503111045210,0.0,0.0,0.0,0.0,0.0,0.0,0.0,1.0,0.0,0.0,0.0,,0.0,,0.0,,0.0,,0.0,,0.0,,1.5519112276302565,-0.026131479789974488,0.0,0.0,55.16129,8.387096,21.182795,70.97,70.97%
63,0xe66b31678d6c16e9ebf358268a790b763c133750,1,1,2023,1,,,,,,,,,,,,,,,,,,,,,,,,,,,,,,,,,,,,,,
64,0x3bc77fc3129827864b88b5859f9c3737f57a13ca,0,1,2023,1,0.0,1.0,0.0,1.0,0.0,1.0500581381077476e+16,-10500581381077475,0.0,0.0,0.0,0.0,0.0,0.0,0.0,2.0,1.0,0.5,0.0,,0.0,,0.0,,0.0,,0.0,,0.0,,1.471436229729817,-0.014152707241434637,0.0,0.0,35.16129,64.83871,33.333332,45.16,45.16%
65,0x0bcf6ec45d7f86a1ba52ff29dc856eca913349eb,0,1,2023,1,1.0,0.0,1.0,0.0,1.0500581381077476e+16,0.0,10500581381077475,0.0,0.0,0.0,0.0,0.0,0.0,0.0,2.0,1.0,0.5,0.0,,0.0,,0.0,,0.0,,0.0,,0.0,,1.416193285796784,-0.015042481219831816,0.0,0.0,23.548388,62.258064,28.60215,53.55,53.55%
66,0x3cd751e6b0078be393132286c442345e5dc49699,1,1,2023,1,,,,,,,,,,,,,,,,,,,,,,,,,,,,,,,,,,,,,,
67,0x57afad8d54dec8d995c9e48a3c1b5f6393d1125e,0,1,2023,1,1.0,0.0,1.0,0.0,1.5e+18,0.0,1500000000000000000,0.0,0.0,0.0,0.0,0.0,0.0,0.0,1.0,0.0,0.0,0.0,,0.0,,0.0,,0.0,,0.0,,0.0,,1.9217109542976263,-0.002852966246651767,0.0,0.0,86.129036,81.6129,55.913982,16.13,16.13%
68,0x4249940c339bc3a1ac5e886697b030deb2f9ec6c,0,1,2023,1,0.0,1.0,0.0,1.0,0.0,1.595898168049316e+17,-159589816804931591,0.0,0.0,0.0,0.0,0.0,0.0,0.0,1.0,0.0,0.0,0.0,,0.0,,0.0,,0.0,,0.0,,0.0,,1.3331919758104924,-0.024921680002964686,0.0,0.0,11.290322,22.258064,11.182796,87.74,87.74%
69,0x44e94034afce2dd3cd5eb62528f239686fc8f162,1,1,2023,1,,,,,,,,,,,,,,,,,,,,,,,,,,,,,,,,,,,,,,
70,0x3ed9707718a0a41464c905aed5fbc5a067236c0e,0,1,2023,1,1.0,0.0,1.0,0.0,1e+17,0.0,100000000000000000,0.0,0.0,0.0,0.0,0.0,0.0,0.0,1.0,0.0,0.0,0.0,,0.0,,0.0,,0.0,,0.0,,0.0,,1.5297078112231466,-0.021724618782236083,0.0,0.0,50.64516,45.48387,32.04301,48.06,48.06%
71,0x456a713a786aab801a762ffcf87f12044fa00b76,0,1,2023,1,0.0,1.0,0.0,1.0,0.0,2.5024767394658848e+17,-250247673946588470,0.0,0.0,0.0,0.0,0.0,0.0,0.0,1.0,0.0,0.0,0.0,,0.0,,0.0,,0.0,,0.0,,0.0,,1.3947254948529286,-0.024998233970330075,0.0,0.0,17.741936,19.67742,12.473119,85.81,85.81%
72,0x4ba86ca2797691d1af5af268c92f63c1df5bf366,0,1,2023,1,0.0,1.0,0.0,1.0,0.0,4.9655032251413e+16,-49655032251413000,0.0,0.0,0.0,0.0,0.0,0.0,0.0,1.0,0.0,0.0,0.0,,0.0,,0.0,,0.0,,0.0,,0.0,,1.5755235000505339,-0.025206212585430432,0.0,0.0,59.677418,15.806452,25.161291,61.94,61.94%
73,0xcbd6832ebc203e49e2b771897067fce3c58575ac,1,1,2023,1,,,,,,,,,,,,,,,,,,,,,,,,,,,,,,,,,,,,,,
74,0x4e32b054c412ebe4b5de70857d260dbb17405aba,0,1,2023,1,0.0,1.0,0.0,1.0,0.0,1.2583871296457338e+17,-125838712964573386,0.0,0.0,0.0,0.0,0.0,0.0,0.0,1.0,0.0,0.0,0.0,,0.0,,0.0,,0.0,,0.0,,0.0,,1.3245972148879537,-0.026013339561724025,0.0,0.0,10.0,10.0,6.6666665,96.13,96.13%
75,0x4e5fbf34d37d2caaa5bde1b2cde181190d55b4d4,0,1,2023,1,0.0,1.0,0.0,1.0,0.0,8.352348702393823e+17,-835234870239382346,0.0,0.0,0.0,0.0,0.0,0.0,0.0,1.0,0.0,0.0,0.0,,0.0,,0.0,,0.0,,0.0,,0.0,,1.4377468814898804,-0.019550490599588854,0.0,0.0,30.0,51.29032,27.096773,57.42,57.42%
76,0x4e80744fa23cec76e1621ce0dfaceb4b1d532e12,0,1,2023,1,0.0,1.0,0.0,1.0,0.0,4.1469657786595e+16,-41469657786595001,0.0,0.0,0.0,0.0,0.0,0.0,0.0,2.0,1.0,0.5,0.0,,0.0,,0.0,,0.0,,0.0,,0.0,,1.5544227791251835,-0.026507499204069862,0.0,0.0,55.80645,3.548387,19.784945,71.61,71.61%
77,0x6e77603361df25a08558ba9fa6b7b3102c9a2824,0,1,2023,1,1.0,0.0,1.0,0.0,4.1469657786595e+16,0.0,41469657786595001,0.0,0.0,0.0,0.0,0.0,0.0,0.0,2.0,1.0,0.5,0.0,,0.0,,0.0,,0.0,,0.0,,0.0,,1.5420298932854983,-0.023467773015351523,0.0,0.0,52.580647,32.903225,28.494623,54.19,54.19%
78,0x4fb32fce97bf9e16b525b379802fb171fb869526,0,1,2023,1,0.0,1.0,0.0,1.0,0.0,5.1e+16,-51000000000000000,0.0,0.0,0.0,0.0,0.0,0.0,0.0,1.0,0.0,0.0,0.0,,0.0,,0.0,,0.0,,0.0,,0.0,,1.376205639922059,-0.02535276779767498,0.0,0.0,14.83871,14.193548,9.677419,90.0,90.00%
79,0x50be13b54f3eebbe415d20250598d81280e56772,0,1,2023,1,0.0,1.0,0.0,1.0,0.0,3.1434565e+17,-314345650000000000,0.0,0.0,0.0,0.0,0.0,0.0,0.0,2.0,1.0,0.5,0.0,,0.0,,0.0,,0.0,,0.0,,0.0,,1.452968950933231,-0.02221756675898856,0.0,0.0,33.225807,40.64516,24.623657,62.58,62.58%
80,0xf2bbc1db6666cfedfad239930505f47f5029171b,0,1,2023,1,1.0,0.0,1.0,0.0,3.1434565e+17,0.0,314345650000000000,0.0,0.0,0.0,0.0,0.0,0.0,0.0,2.0,1.0,0.5,0.0,,0.0,,0.0,,0.0,,0.0,,0.0,,1.608885629076182,-0.017863931168474012,0.0,0.0,64.19355,59.032257,41.075268,36.77,36.77%
81,0x520d4e8a9dc6001e6e25c501c372c9ef1d517083,0,1,2023,1,0.0,1.0,0.0,1.0,0.0,3.534e+16,-35340000000000000,0.0,0.0,0.0,0.0,0.0,0.0,0.0,1.0,0.0,0.0,0.0,,0.0,,0.0,,0.0,,0.0,,0.0,,1.4279753577261034,-0.020799196449532265,0.0,0.0,29.35484,48.064518,25.806452,60.65,60.65%
82,0x59728544b08ab483533076417fbbb2fd0b17ce3a,0,1,2023,1,2.0,1.0,2.0,2.0,1.2765119948017398e+18,1.2765119948017398e+18,0,0.0,0.0,0.0,0.0,0.0,0.0,0.0,3.0,2.0,0.3333333333333333,0.0,,0.0,,0.0,,0.0,,0.0,,0.0,,5.0356476460689725,0.06492334611533868,0.0,0.0,97.09677,95.80645,64.30108,2.58,2.58%
83,0x5b407fb13c790d663ad80995eefc9b106dfa968a,0,1,2023,1,0.0,1.0,0.0,1.0,0.0,1.2898342067837873e+18,-1289834206783787266,0.0,0.0,0.0,0.0,0.0,0.0,0.0,2.0,1.0,0.5,0.0,,0.0,,0.0,,0.0,,0.0,,0.0,,1.633316634245921,-0.014468707115330937,0.0,0.0,68.064514,63.548386,43.870968,30.97,30.97%
84,0x62b8d788634d2783615e031e9936adf7da1af0ba,0,1,2023,1,1.0,0.0,1.0,0.0,1.2898342067837873e+18,0.0,1289834206783787266,0.0,0.0,0.0,0.0,0.0,0.0,0.0,2.0,1.0,0.5,0.0,,0.0,,0.0,,0.0,,0.0,,0.0,,1.918106859366741,-0.011401311184809193,0.0,0.0,85.48387,69.67742,51.72043,22.58,22.58%
85,0x603ffd27c2914cf22851eda2c2e5bea13338027a,0,1,2023,1,0.0,1.0,0.0,1.0,0.0,1.6309736374390595e+17,-163097363743905970,0.0,0.0,0.0,0.0,0.0,0.0,0.0,1.0,0.0,0.0,0.0,,0.0,,0.0,,0.0,,0.0,,0.0,,1.2571904114386327,-0.024921680002964686,0.0,0.0,4.193548,22.258064,8.817204,92.9,92.90%
86,0x6220ce7e7203267c8b7d4deaf679627561d05b46,0,1,2023,1,0.0,1.0,0.0,1.0,0.0,9.2285291186842e+16,-92285291186842000,0.0,0.0,0.0,0.0,0.0,0.0,0.0,1.0,0.0,0.0,0.0,,0.0,,0.0,,0.0,,0.0,,0.0,,1.3839186757510258,-0.02698368454687139,0.0,0.0,17.096775,1.2903225,6.1290326,96.77,96.77%
87,0x62455826ae32118be50b59948dc63519d50f1262,0,1,2023,1,0.0,1.0,0.0,1.0,0.0,1.7871672761030835e+17,-178716727610308340,0.0,0.0,0.0,0.0,0.0,0.0,0.0,1.0,0.0,0.0,0.0,,0.0,,0.0,,0.0,,0.0,,0.0,,1.3410469973481431,-0.024338033903690992,0.0,0.0,12.580646,24.838709,12.473118,86.45,86.45%
88,0x6522cb212d39b85770a99e1870982f25403a2940,0,1,2023,1,0.0,1.0,0.0,1.0,0.0,1.2764119948017398e+18,-1276411994801739860,0.0,0.0,0.0,0.0,0.0,0.0,0.0,2.0,1.0,0.5,0.0,,0.0,,0.0,,0.0,,0.0,,0.0,,1.6120497757619747,-0.014186142573750782,0.0,0.0,65.48387,64.19355,43.22581,32.26,32.26%
89,0x6596da8b65995d5feacff8c2936f0b7a2051b0d0,0,1,2023,1,0.0,1.0,0.0,1.0,0.0,702588341022509.0,-702588341022509,0.0,0.0,0.0,0.0,0.0,0.0,0.0,2.0,1.0,0.5,0.0,,0.0,,0.0,,0.0,,0.0,,0.0,,1.7527358530630148,0.007938498187855303,0.0,0.0,76.451614,87.41936,54.623657,18.06,18.06%
90,0xa4965efe52398c34cdbe2cb4d732204e30ebd851,0,1,2023,1,1.0,0.0,1.0,0.0,702588341022509.0,0.0,702588341022509,0.0,0.0,0.0,0.0,0.0,0.0,0.0,2.0,1.0,0.5,0.0,,0.0,,0.0,,0.0,,0.0,,0.0,,1.83597605190725,0.014433560853222227,0.0,0.0,80.32258,90.0,56.77419,14.19,14.19%
91,0x67bd29ebf8219fd5fea92334ef89fc47969f81f5,0,1,2023,1,0.0,1.0,0.0,1.0,0.0,4200000000000000.0,-4200000000000000,0.0,0.0,0.0,0.0,0.0,0.0,0.0,1.0,0.0,0.0,0.0,,0.0,,0.0,,0.0,,0.0,,0.0,,1.4212004200963708,0.0002494601981560818,0.0,0.0,25.483871,84.19355,36.55914,41.94,41.94%
92,0x6deed5cf156b13beb9197215270615a3d0bc55ee,0,1,2023,1,3.0,1.0,3.0,3.0,6.6e+16,6.6e+16,0,0.0,0.0,0.0,0.0,0.0,0.0,0.0,5.0,4.0,0.2,1.0,H1: Aggregates from many sources and forwards almost unchanged to few addresses. May indicate ransomware or scam fund routing.,0.0,,0.0,,0.0,,0.0,,0.0,,7.123363180286953,0.07910025769254025,1.0,33.33,98.3871,98.3871,76.7014,1.94,1.94%
93,0x306821d2f66e1aa61eb2a2d904da6489b8491713,0,1,2023,1,1.0,0.0,3.0,0.0,6.6e+16,0.0,66000000000000000,0.0,0.0,0.0,0.0,0.0,0.0,0.0,2.0,1.0,0.5,0.0,,0.0,,0.0,,0.0,,0.0,,0.0,,1.2495213905390872,-0.024329832874115387,0.0,0.0,2.903226,25.483871,9.462365,90.97,90.97%
94,0x6e35c0d2151b04be3f7fad53f28ee099b864795e,0,1,2023,1,0.0,1.0,0.0,1.0,0.0,2.088791e+18,-2088791000000000000,0.0,0.0,0.0,0.0,0.0,0.0,0.0,2.0,1.0,0.5,0.0,,0.0,,0.0,,0.0,,0.0,,0.0,,1.6581247307366023,-0.010465958022621402,0.0,0.0,71.935486,71.935486,47.95699,26.77,26.77%
95,0xf60c2ea62edbfe808163751dd0d8693dcb30019c,0,1,2023,1,2.0,1.0,2.0,1.0,4.113973e+18,3.601936e+16,4077953640000000000,0.0,0.0,0.0,0.0,0.0,0.0,0.0,4.0,3.0,0.25,0.0,,0.0,,0.0,,0.0,,0.0,,0.0,,4.620452722332346,0.0657532296982003,0.0,0.0,95.16129,96.451614,63.87097,3.23,3.23%
96,0x75e89d5979e4f6fba9f97c104c2f0afb3f1dcb88,1,1,2023,1,,,,,,,,,,,,,,,,,,,,,,,,,,,,,,,,,,,,,,
97,0x03425d06e61315c05a7e431c9bcc9a9324669d5c,0,1,2023,1,1.0,0.0,1.0,0.0,1.4956e+17,0.0,149560000000000000,0.0,0.0,0.0,0.0,0.0,0.0,0.0,1.0,0.0,0.0,0.0,,0.0,,0.0,,0.0,,0.0,,0.0,,1.6217357808488275,-0.01656678882307211,0.0,0.0,66.77419,60.322582,42.36559,36.13,36.13%
98,0x7776607e2e0bd61052e60d59f1fdd11dfbec27e8,0,1,2023,1,1.0,6.0,1.0,6.0,3.647103182399329e+18,3.647103182399329e+18,0,0.0,0.0,0.0,0.0,0.0,0.0,0.0,8.0,7.0,0.125,0.0,,0.0,,1.0,H3: Receives funds from a single source and distributes to many addresses. May indicate laundering or scam profit distribution.,0.0,,0.0,,0.0,,11.102806180564887,0.13043452687649815,1.0,33.33,99.67742,99.67742,77.561615,0.65,0.65%
99,0x6acbd3a4a924b23e295181e4a6f6677a9befeda0,0,1,2023,1,1.0,0.0,1.0,0.0,1.0941309547197987e+17,0.0,109413095471979865,0.0,0.0,0.0,0.0,0.0,0.0,0.0,2.0,1.0,0.5,0.0,,0.0,,0.0,,0.0,,0.0,,0.0,,1.5231874340101026,-0.022661808507920433,0.0,0.0,49.35484,35.80645,28.387094,55.48,55.48%
100,0x8642dcd76a7c50d751ad062dd7643a595e941a40,0,1,2023,1,1.0,0.0,1.0,0.0,7.294206364798658e+16,0.0,72942063647986576,0.0,0.0,0.0,0.0,0.0,0.0,0.0,2.0,1.0,0.5,0.0,,0.0,,0.0,,0.0,,0.0,,0.0,,1.481009690187,-0.02376935682315795,0.0,0.0,37.419353,29.67742,22.365591,67.74,67.74%
101,0x8c750597ed29ef16a1bf41025aecef527e479175,0,1,2023,1,1.0,0.0,1.0,0.0,1.8235515911996643e+17,0.0,182355159119966442,0.0,0.0,0.0,0.0,0.0,0.0,0.0,2.0,1.0,0.5,0.0,,0.0,,0.0,,0.0,,0.0,,0.0,,1.7629822532018946,-0.019436689269569596,0.0,0.0,78.3871,53.225807,43.87097,30.32,30.32%
102,0xc1f7ff0a9ef8be062c97e6875cac5fe46189312c,0,1,2023,1,1.0,0.0,1.0,0.0,1.6047254002557046e+18,0.0,1604725400255704690,0.0,0.0,0.0,0.0,0.0,0.0,0.0,2.0,1.0,0.5,0.0,,0.0,,0.0,,0.0,,0.0,,0.0,,2.0479231672717124,-0.007966125538531377,0.0,0.0,88.3871,76.129036,54.838715,17.1,17.10%
103,0xea90f5459cf60a0eb958a4658c27170ab47b18d4,0,1,2023,1,1.0,0.0,1.0,0.0,7.294206364798658e+16,0.0,72942063647986576,0.0,0.0,0.0,0.0,0.0,0.0,0.0,2.0,1.0,0.5,0.0,,0.0,,0.0,,0.0,,0.0,,0.0,,1.481009690187,-0.02376935682315795,0.0,0.0,37.419353,29.67742,22.365591,67.74,67.74%
104,0xf66c754417e0488c313c3cfadc5806dbf8d12fd8,0,1,2023,1,1.0,0.0,1.0,0.0,1.6047254002557046e+18,0.0,1604725400255704690,0.0,0.0,0.0,0.0,0.0,0.0,0.0,2.0,1.0,0.5,0.0,,0.0,,0.0,,0.0,,0.0,,0.0,,2.0479231672717124,-0.007966125538531377,0.0,0.0,88.3871,76.129036,54.838715,17.1,17.10%
105,0x7a250d5630b4cf539739df2c5dacb4c659f2488d,1,1,2023,1,,,,,,,,,,,,,,,,,,,,,,,,,,,,,,,,,,,,,,
106,0xdcdf0feeede933ceafc6131b663f1ee210ac61ae,0,1,2023,1,1.0,0.0,1.0,0.0,8.623726514216645e+16,0.0,86237265142166452,0.0,0.0,0.0,0.0,0.0,0.0,0.0,1.0,0.0,0.0,0.0,,0.0,,0.0,,0.0,,0.0,,0.0,,1.357360377571386,-0.02199226827620393,0.0,0.0,13.870968,42.903225,18.92473,73.55,73.55%
107,0x875d302cde9ab9e8f6f16ae4373f1cf073db0994,0,1,2023,1,0.0,1.0,0.0,1.0,0.0,9.301272839990769e+17,-930127283999076730,0.0,0.0,0.0,0.0,0.0,0.0,0.0,1.0,0.0,0.0,0.0,,0.0,,0.0,,0.0,,0.0,,0.0,,1.4230789964784734,-0.01945155746810623,0.0,0.0,26.774193,52.580647,26.451614,60.0,60.00%
108,0x8fe6ab3382c1c4acf14629ed77223c0e1d843dda,0,1,2023,1,0.0,1.0,0.0,1.0,0.0,1.834243e+16,-18342430000000000,0.0,0.0,0.0,0.0,0.0,0.0,0.0,2.0,1.0,0.5,0.0,,0.0,,0.0,,0.0,,0.0,,0.0,,1.5052222283252399,-0.022627427750824658,0.0,0.0,42.903225,36.774193,26.559137,59.03,59.03%
109,0xcd0619bfc163d07aa36e1b7ebb0e091883d1c072,0,1,2023,1,1.0,0.0,1.0,0.0,1.834243e+16,0.0,18342430000000000,0.0,0.0,0.0,0.0,0.0,0.0,0.0,2.0,1.0,0.5,0.0,,0.0,,0.0,,0.0,,0.0,,0.0,,1.443896314369397,-0.01934805850321647,0.0,0.0,31.290323,53.870968,28.387098,54.84,54.84%
110,0x90e34f5df30f0510d32bb5e35816a2204e241feb,0,1,2023,1,0.0,1.0,0.0,1.0,0.0,3.49e+19,-34900000000000000000,0.0,0.0,0.0,0.0,0.0,0.0,0.0,1.0,0.0,0.0,0.0,,0.0,,0.0,,0.0,,0.0,,0.0,,1.8749992897773504,0.014027063996712386,0.0,0.0,82.258064,88.70968,56.989246,12.58,12.58%
111,0x9430801ebaf509ad49202aabc5f5bc6fd8a3daf8,1,1,2023,1,,,,,,,,,,,,,,,,,,,,,,,,,,,,,,,,,,,,,,
112,0xb89bd5c942914289fdf4356e1be25f9a8824343f,0,1,2023,1,1.0,0.0,1.0,0.0,2e+16,0.0,20000000000000000,0.0,0.0,0.0,0.0,0.0,0.0,0.0,1.0,0.0,0.0,0.0,,0.0,,0.0,,0.0,,0.0,,0.0,,1.3780805652108725,-0.022686387429358967,0.0,0.0,15.806452,35.16129,16.989248,76.77,76.77%
113,0x95222290dd7278aa3ddd389cc1e1d165cc4bafe5,1,1,2023,1,,,,,,,,,,,,,,,,,,,,,,,,,,,,,,,,,,,,,,
114,0xe35bbafa0266089f95d745d348b468622805d82b,0,1,2023,1,1.0,0.0,1.0,0.0,1.0517820142136512e+18,0.0,1051782014213651162,0.0,0.0,0.0,0.0,0.0,0.0,0.0,1.0,0.0,0.0,0.0,,0.0,,0.0,,0.0,,0.0,,0.0,,1.882667565129173,-0.006582748726897181,0.0,0.0,82.90323,78.70968,53.87097,18.71,18.71%
115,0x9ae88cf1933fa4e889cfbfb88420ea285231db00,0,1,2023,1,0.0,1.0,0.0,1.0,0.0,2.2e+16,-22000000000000000,0.0,0.0,0.0,0.0,0.0,0.0,0.0,2.0,1.0,0.5,0.0,,0.0,,0.0,,0.0,,0.0,,0.0,,1.4134615339612033,-0.02387605928210862,0.0,0.0,22.258064,26.774193,16.344086,78.06,78.06%
116,0x9c08a103cbe88720ebbcb72ab9c8232e654749c1,0,1,2023,1,0.0,1.0,0.0,1.0,0.0,9.484100205818403e+16,-94841002058184040,0.0,0.0,0.0,0.0,0.0,0.0,0.0,2.0,1.0,0.5,0.0,,0.0,,0.0,,0.0,,0.0,,0.0,,1.5831871752689033,-0.023741722696414225,0.0,0.0,61.612904,30.64516,30.752687,50.97,50.97%
117,0x62b66264d876612b9e5a955b0d812eb37b52d950,0,1,2023,1,1.0,0.0,1.0,0.0,9.484100205818403e+16,0.0,94841002058184040,0.0,0.0,0.0,0.0,0.0,0.0,0.0,2.0,1.0,0.5,0.0,,0.0,,0.0,,0.0,,0.0,,0.0,,1.5221695088078517,-0.023581299621112217,0.0,0.0,48.70968,31.935484,26.881721,58.06,58.06%
118,0x9cc3a24caf43b9071ec3e93a0e655b562108e5b5,0,1,2023,1,0.0,1.0,0.0,1.0,0.0,2.75164190423382e+17,-275164190423382000,0.0,0.0,0.0,0.0,0.0,0.0,0.0,1.0,0.0,0.0,0.0,,0.0,,0.0,,0.0,,0.0,,0.0,,1.4014952041722453,-0.024998233970330075,0.0,0.0,18.387096,19.67742,12.688171,85.16,85.16%
119,0xa233acbcf05573bf159944773c6415fa63974c4e,0,1,2023,1,0.0,1.0,0.0,1.0,0.0,6.244756352608191e+18,-6244756352608191230,0.0,0.0,0.0,0.0,0.0,0.0,0.0,1.0,0.0,0.0,0.0,,0.0,,0.0,,0.0,,0.0,,0.0,,1.6718319358124922,-0.0017407687413705797,0.0,0.0,73.870964,82.90323,52.258068,21.61,21.61%
120,0xa2733910e1faddd5f4d2ce2509663cf8662149c4,0,1,2023,1,0.0,1.0,0.0,1.0,0.0,7.60105042090765e+16,-76010504209076502,0.0,0.0,0.0,0.0,0.0,0.0,0.0,2.0,1.0,0.5,0.0,,0.0,,0.0,,0.0,,0.0,,0.0,,1.4113731760743686,-0.02485182628458915,0.0,0.0,20.967741,23.548388,14.83871,81.94,81.94%
121,0x277f653b2b5d9212b584cce245be75aa3c8fa46b,0,1,2023,1,1.0,0.0,1.0,0.0,7.60105042090765e+16,0.0,76010504209076502,0.0,0.0,0.0,0.0,0.0,0.0,0.0,2.0,1.0,0.5,0.0,,0.0,,0.0,,0.0,,0.0,,0.0,,1.6105311808245795,-0.023625574571681296,0.0,0.0,64.83871,31.290323,32.04301,48.06,48.06%
122,0xa69babef1ca67a37ffaf7a485dfff3382056e78c,0,1,2023,1,0.0,1.0,0.0,2.0,0.0,4648337164630072.0,-4648337164630072,0.0,0.0,0.0,0.0,0.0,0.0,0.0,1.0,0.0,0.0,0.0,,0.0,,0.0,,0.0,,0.0,,0.0,,1.4907369931960475,-0.001753577838486342,0.0,0.0,39.032257,82.258064,40.430107,38.06,38.06%
123,0x157526c30fe06abaacca9880b0ca9d229df68d09,0,1,2023,1,1.0,0.0,1.0,0.0,2.460918e+16,0.0,24609180000000000,0.0,0.0,0.0,0.0,0.0,0.0,0.0,1.0,0.0,0.0,0.0,,0.0,,0.0,,0.0,,0.0,,0.0,,1.3138809164588878,-0.023216558243867202,0.0,0.0,8.709678,34.51613,14.408603,83.23,83.23%
124,0x16714eb1715ff0c8cca3695641a7fea11f628b74,0,1,2023,1,1.0,0.0,1.0,0.0,6.336867e+16,0.0,63368670000000000,0.0,0.0,0.0,0.0,0.0,0.0,0.0,1.0,0.0,0.0,0.0,,0.0,,0.0,,0.0,,0.0,,0.0,,1.438225369049758,-0.025362462211752868,0.0,0.0,30.64516,12.903226,14.516129,82.58,82.58%
125,0x8d0625b94a53f49c7f38ffbde217946c8b2c0c39,0,1,2023,1,1.0,0.0,1.0,0.0,1003510000000000.0,0.0,1003510000000000,0.0,0.0,0.0,0.0,0.0,0.0,0.0,1.0,0.0,0.0,0.0,,0.0,,0.0,,0.0,,0.0,,0.0,,1.6339685693844268,-0.008109367755285424,0.0,0.0,68.70968,75.16129,47.95699,26.77,26.77%
126,0x9d92c601535276665c850f05add536ce1c99dc43,0,1,2023,1,1.0,0.0,1.0,0.0,9.523495e+16,0.0,95234950000000000,0.0,0.0,0.0,0.0,0.0,0.0,0.0,1.0,0.0,0.0,0.0,,0.0,,0.0,,0.0,,0.0,,0.0,,1.5429977098362515,-0.02206693242583807,0.0,0.0,53.225807,41.612904,31.612906,50.32,50.32%
127,0xa5d011c1144cd8025772e546bbab32c36c5aa026,0,1,2023,1,1.0,0.0,1.0,0.0,1.080896e+16,0.0,10808960000000000,0.0,0.0,0.0,0.0,0.0,0.0,0.0,1.0,0.0,0.0,0.0,,0.0,,0.0,,0.0,,0.0,,0.0,,1.44851859847357,-0.022337660922332803,0.0,0.0,32.580647,39.35484,23.978495,63.87,63.87%
128,0xa65aa08bde79c27cf6fa63f89df1e9269ad9fd1d,0,1,2023,1,1.0,0.0,1.0,0.0,3.9799309e+17,0.0,397993090000000000,0.0,0.0,0.0,0.0,0.0,0.0,0.0,1.0,0.0,0.0,0.0,,0.0,,0.0,,0.0,,0.0,,0.0,,1.6175384277560216,-0.009169242261589106,0.0,0.0,66.129036,73.22581,46.451614,27.74,27.74%
129,0xb25b8c5f41cea2bc1c3aeb22261cbbcb877ca8de,0,1,2023,1,1.0,0.0,1.0,0.0,1e+18,0.0,1000000000000000000,0.0,0.0,0.0,0.0,0.0,0.0,0.0,1.0,0.0,0.0,0.0,,0.0,,0.0,,0.0,,0.0,,0.0,,1.841758743640003,-0.006582748726897181,0.0,0.0,80.96774,78.70968,53.22581,20.0,20.00%
130,0xf7c9d7933729a631177c7e101e32e4d9fa8bbb6e,0,1,2023,1,1.0,0.0,1.0,0.0,3781720000000000.0,0.0,3781720000000000,0.0,0.0,0.0,0.0,0.0,0.0,0.0,1.0,0.0,0.0,0.0,,0.0,,0.0,,0.0,,0.0,,0.0,,1.5475408910044623,-0.018059072493012085,0.0,0.0,54.51613,57.741936,37.419353,41.29,41.29%
131,0xae45a8240147e6179ec7c9f92c5a18f9a97b3fca,1,1,2023,1,,,,,,,,,,,,,,,,,,,,,,,,,,,,,,,,,,,,,,
132,0x275515dd5154c66843994a47e3d9e2f68de2216b,0,1,2023,1,1.0,0.0,1.0,0.0,61396545240000.0,0.0,61396545240000,0.0,0.0,0.0,0.0,0.0,0.0,0.0,1.0,0.0,0.0,0.0,,0.0,,0.0,,0.0,,0.0,,0.0,,2.100296524130532,0.014302076395971253,0.0,0.0,90.645164,89.354836,60.0,10.32,10.32%
133,0x6b45a8fef68da30973400c04b0dd694c8be080a6,0,1,2023,1,1.0,0.0,1.0,0.0,42374872248894.0,0.0,42374872248894,0.0,0.0,0.0,0.0,0.0,0.0,0.0,1.0,0.0,0.0,0.0,,0.0,,0.0,,0.0,,0.0,,0.0,,2.144975245548239,0.016870637160358637,0.0,0.0,91.935486,91.935486,61.290325,8.06,8.06%
134,0x754172d561258a26c6600c34f211e55c535408ca,0,1,2023,1,1.0,0.0,1.0,0.0,137033192936404.0,0.0,137033192936404,0.0,0.0,0.0,0.0,0.0,0.0,0.0,1.0,0.0,0.0,0.0,,0.0,,0.0,,0.0,,0.0,,0.0,,1.9592510993855952,0.007929873711007951,0.0,0.0,86.77419,86.77419,57.84946,11.61,11.61%
135,0xa7b474f21f36fbe5d105bd64623b42975e64cecd,0,1,2023,1,1.0,0.0,1.0,0.0,915457863648684.0,0.0,915457863648684,0.0,0.0,0.0,0.0,0.0,0.0,0.0,1.0,0.0,0.0,0.0,,0.0,,0.0,,0.0,,0.0,,0.0,,1.8260307342733288,-0.007713176906145591,0.0,0.0,79.67742,77.09677,52.258068,21.61,21.61%
136,0xbe2808fe8689198539f5968fc3385cdc722a5960,0,1,2023,1,0.0,1.0,0.0,1.0,0.0,3.046186e+16,-30461860000000000,0.0,0.0,0.0,0.0,0.0,0.0,0.0,2.0,1.0,0.5,0.0,,0.0,,0.0,,0.0,,0.0,,0.0,,1.5416793721097246,-0.025168075607139906,0.0,0.0,51.935482,17.741936,23.225805,65.81,65.81%
137,0x6dfc34609a05bc22319fa4cce1d1e2929548c0d7,0,1,2023,1,3.0,0.0,3.0,0.0,8.490229e+16,0.0,84902290000000000,0.0,0.0,0.0,0.0,0.0,0.0,0.0,4.0,3.0,0.25,0.0,,1.0,H2: Aggregates from many sources but shows no outgoing transfers. May indicate scam fund storage or ransomware holding address.,0.0,,0.0,,0.0,,0.0,,7.672020002812881,0.09515566134623654,1.0,33.33,99.03226,99.03226,77.13151,1.29,1.29%
138,0x62ce1d739b9bc6ab5f716a772ea585425d3843b1,0,1,2023,1,1.0,0.0,1.0,0.0,1.9e+17,0.0,190000000000000000,0.0,0.0,0.0,0.0,0.0,0.0,0.0,1.0,0.0,0.0,0.0,,0.0,,0.0,,0.0,,0.0,,0.0,,1.6686430760593647,-0.015702433775652447,0.0,0.0,73.22581,60.967743,44.731182,29.68,29.68%
139,0xdef171fe48cf0115b1d80b88dc8eab59176fee57,0,1,2023,1,1.0,1.0,1.0,1.0,5.642356349055247e+18,5.642356349055248e+18,0,0.0,0.0,0.0,0.0,0.0,0.0,0.0,1.0,0.0,0.0,0.0,,0.0,,0.0,,0.0,,0.0,,0.0,,6.189044872051329,0.053840963937691555,0.0,0.0,97.741936,93.870964,63.870968,4.52,4.52%
140,0xc03953d93812f69a29ccd0602d3304c32672fda2,0,1,2023,1,0.0,1.0,0.0,1.0,0.0,6.043944485332087e+16,-60439444853320865,0.0,0.0,0.0,0.0,0.0,0.0,0.0,1.0,0.0,0.0,0.0,,0.0,,0.0,,0.0,,0.0,,0.0,,1.297584299840469,-0.025868733726310933,0.0,0.0,6.774194,10.645162,5.806452,97.42,97.42%
141,0xc31ab32a3448961a98a8d6f3dec46ea1e0550527,0,1,2023,1,0.0,1.0,0.0,1.0,0.0,8.2876170977929e+16,-82876170977929000,0.0,0.0,0.0,0.0,0.0,0.0,0.0,1.0,0.0,0.0,0.0,,0.0,,0.0,,0.0,,0.0,,0.0,,1.3168642072567778,-0.026314802967026096,0.0,0.0,9.354838,4.83871,4.7311826,98.06,98.06%
142,0xc443727503ff057e36d12f45dad99a8af851c883,0,1,2023,1,0.0,1.0,0.0,1.0,0.0,1.23e+16,-12300000000000000,0.0,0.0,0.0,0.0,0.0,0.0,0.0,1.0,0.0,0.0,0.0,,0.0,,0.0,,0.0,,0.0,,0.0,,1.5162170260123873,-0.01126079910597616,0.0,0.0,44.83871,70.645164,38.494625,38.71,38.71%
143,0xc76f325b3362f32f596d89abd2492823a8e25030,0,1,2023,1,0.0,1.0,0.0,1.0,0.0,2.5790474545213527e+18,-2579047454521353000,0.0,0.0,0.0,0.0,0.0,0.0,0.0,2.0,1.0,0.5,0.0,,0.0,,0.0,,0.0,,0.0,,0.0,,1.718147177458834,-0.007273897721424449,0.0,0.0,75.16129,77.741936,50.967743,24.52,24.52%
144,0x4d846da8257bb0ebd164eff513dff0f0c2c3c0ba,0,1,2023,1,1.0,0.0,1.0,0.0,2.579047454521353e+18,0.0,2579047454521353000,0.0,0.0,0.0,0.0,0.0,0.0,0.0,2.0,1.0,0.5,0.0,,0.0,,0.0,,0.0,,0.0,,0.0,,1.9936744005099003,-0.0014438827443711832,0.0,0.0,87.41936,83.548386,56.989246,12.58,12.58%
145,0xc78ba4c6465aa36994c93b49f21f68526ffe3c49,0,1,2023,1,0.0,1.0,0.0,1.0,0.0,2.025182e+18,-2025182000000000000,0.0,0.0,0.0,0.0,0.0,0.0,0.0,2.0,1.0,0.5,0.0,,0.0,,0.0,,0.0,,0.0,,0.0,,1.5678596245624614,-0.010073237948943103,0.0,0.0,58.387096,72.58064,43.655914,31.61,31.61%
146,0xc7b85e26fb7e807326d944ba71752c896ebe103c,0,1,2023,1,0.0,1.0,0.0,1.0,0.0,1.7049616455077376e+17,-170496164550773750,0.0,0.0,0.0,0.0,0.0,0.0,0.0,1.0,0.0,0.0,0.0,,0.0,,0.0,,0.0,,0.0,,0.0,,1.1554182301045612,-0.024677045618077487,0.0,0.0,0.32258064,24.193548,8.172043,94.19,94.19%
147,0xc8557c93305f58ce6733c0f9fbd3413c8ebe4dc6,0,1,2023,1,0.0,1.0,0.0,1.0,0.0,5.1e+16,-51000000000000000,0.0,0.0,0.0,0.0,0.0,0.0,0.0,1.0,0.0,0.0,0.0,,0.0,,0.0,,0.0,,0.0,,0.0,,1.376205639922059,-0.02535276779767498,0.0,0.0,14.83871,14.193548,9.677419,90.0,90.00%
148,0xca0ab9d58e34fadc6f713ac234d632f2d054532f,0,1,2023,1,0.0,1.0,0.0,1.0,0.0,3.383378574895316e+18,-3383378574895315925,0.0,0.0,0.0,0.0,0.0,0.0,0.0,1.0,0.0,0.0,0.0,,0.0,,0.0,,0.0,,0.0,,0.0,,1.7561079241255841,-0.008784933201915368,0.0,0.0,77.09677,74.51613,50.537632,25.16,25.16%
149,0xcac0f1a06d3f02397cfb6d7077321d73b504916e,0,1,2023,1,1.0,1.0,1.0,1.0,1e+16,3.647103182399329e+18,-3637103182399328839,0.0,0.0,0.0,0.0,0.0,0.0,0.0,3.0,2.0,0.3333333333333333,0.0,,0.0,,0.0,,0.0,,0.0,,0.0,,4.716137545959857,0.05631013094819881,0.0,0.0,95.80645,95.16129,63.655914,6.13,6.13%
150,0xcdaa0a87f5e6128a5089e56a35381988fe82cc50,0,1,2023,1,0.0,1.0,0.0,1.0,0.0,2.5e+17,-250000000000000000,0.0,0.0,0.0,0.0,0.0,0.0,0.0,1.0,0.0,0.0,0.0,,0.0,,0.0,,0.0,,0.0,,0.0,,1.3523836406706111,-0.024998233970330075,0.0,0.0,13.225806,19.67742,10.967742,88.39,88.39%
151,0xcdaa5751234c1945e8979e2ac64f2b4270f61af4,0,1,2023,1,0.0,1.0,0.0,1.0,0.0,5.093107523766409e+17,-509310752376640866,0.0,0.0,0.0,0.0,0.0,0.0,0.0,2.0,1.0,0.5,0.0,,0.0,,0.0,,0.0,,0.0,,0.0,,1.406820601805981,-0.018618332941435556,0.0,0.0,20.32258,56.451614,25.591398,61.29,61.29%
152,0x40527d5ef1f196698717283995a813b4896d5245,0,1,2023,1,1.0,0.0,1.0,0.0,5.093107523766409e+17,0.0,509310752376640866,0.0,0.0,0.0,0.0,0.0,0.0,0.0,2.0,1.0,0.5,0.0,,0.0,,0.0,,0.0,,0.0,,0.0,,1.6373475203639458,-0.013603455029179756,0.0,0.0,70.0,66.451614,45.48387,29.03,29.03%
153,0xcfdc6908dbada6c5beafb6035926dcb0b6f5c602,0,1,2023,1,0.0,1.0,0.0,1.0,0.0,2.2e+16,-22000000000000000,0.0,0.0,0.0,0.0,0.0,0.0,0.0,2.0,1.0,0.5,0.0,,0.0,,0.0,,0.0,,0.0,,0.0,,1.4134615339612033,-0.02387605928210862,0.0,0.0,22.258064,26.774193,16.344086,78.06,78.06%
154,0xd2a97db15f6dd9f96172e5d363a786aa1c8cff04,0,1,2023,1,0.0,1.0,0.0,1.0,0.0,2.135305e+16,-21353050000000000,0.0,0.0,0.0,0.0,0.0,0.0,0.0,2.0,1.0,0.5,0.0,,0.0,,0.0,,0.0,,0.0,,0.0,,1.5594196837192766,-0.023335630553762143,0.0,0.0,57.741936,33.870968,30.537634,51.61,51.61%
155,0xd58fb2f5ef1bab92c44f44123026b5c06f698779,0,1,2023,1,0.0,1.0,0.0,1.0,0.0,100000000000000.0,-100000000000000,0.0,0.0,0.0,0.0,0.0,0.0,0.0,2.0,1.0,0.5,0.0,,0.0,,0.0,,0.0,,0.0,,0.0,,2.075403983260456,0.015455865695373383,0.0,0.0,89.67742,90.96774,60.215057,9.35,9.35%
156,0xd5fbda4c79f38920159fe5f22df9655fde292d47,0,1,2023,1,0.0,1.0,0.0,1.0,0.0,4.767126865900885e+18,-4767126865900885400,0.0,0.0,0.0,0.0,0.0,0.0,0.0,2.0,1.0,0.5,0.0,,0.0,,0.0,,0.0,,0.0,,0.0,,1.8888414518365555,0.0012465156022209989,0.0,0.0,84.83871,84.83871,56.55914,15.16,15.16%
157,0x160c7ca8faeed71c1eb21d2c73cb6366c385d216,0,1,2023,1,1.0,0.0,1.0,0.0,4.767126865900885e+18,0.0,4767126865900885400,0.0,0.0,0.0,0.0,0.0,0.0,0.0,2.0,1.0,0.5,0.0,,0.0,,0.0,,0.0,,0.0,,0.0,,2.1452059945511097,0.005302942271462885,0.0,0.0,92.58064,85.48387,59.35484,10.97,10.97%
158,0xd63f51122663aba57079af86a67f70c0ee8cc401,0,1,2023,1,0.0,1.0,0.0,1.0,0.0,1e+17,-100000000000000000,0.0,0.0,0.0,0.0,0.0,0.0,0.0,1.0,0.0,0.0,0.0,,0.0,,0.0,,0.0,,0.0,,0.0,,1.4570948146554907,-0.026333514654612922,0.0,0.0,34.51613,4.193548,12.903226,84.52,84.52%
159,0xdafea492d9c6733ae3d56b7ed1adb60692c98bc5,0,1,2023,1,0.0,1.0,0.0,1.0,0.0,4.671299396786361e+16,-46712993967863606,0.0,0.0,0.0,0.0,0.0,0.0,0.0,2.0,1.0,0.5,0.0,,0.0,,0.0,,0.0,,0.0,,0.0,,1.5212503659613896,-0.027302511369894478,0.0,0.0,48.064518,0.32258064,16.129034,79.35,79.35%
160,0x388c818ca8b9251b393131c08a736a67ccb19297,0,1,2023,1,1.0,0.0,1.0,0.0,4.671299396786361e+16,0.0,46712993967863606,0.0,0.0,0.0,0.0,0.0,0.0,0.0,2.0,1.0,0.5,0.0,,0.0,,0.0,,0.0,,0.0,,0.0,,1.4162236123264942,-0.02385942156510157,0.0,0.0,24.193548,28.387096,17.52688,74.84,74.84%
161,0xdb5500dacf6ae6515819fe2379a0b3d42269019c,0,1,2023,1,0.0,1.0,0.0,1.0,0.0,1.354100398406806e+18,-1354100398406806000,0.0,0.0,0.0,0.0,0.0,0.0,0.0,1.0,0.0,0.0,0.0,,0.0,,0.0,,0.0,,0.0,,0.0,,1.634869518808294,-0.016843366437793827,0.0,0.0,69.354836,59.677418,43.010754,32.9,32.90%
162,0xdc0548af1b43ede7c431ce23d828970c67e91c64,0,1,2023,1,0.0,1.0,0.0,1.0,0.0,2.2e+16,-22000000000000000,0.0,0.0,0.0,0.0,0.0,0.0,0.0,2.0,1.0,0.5,0.0,,0.0,,0.0,,0.0,,0.0,,0.0,,1.4134615339612033,-0.02387605928210862,0.0,0.0,22.258064,26.774193,16.344086,78.06,78.06%
163,0xdd22de874fdf682e4b7975ded8b3cc3d585ff29e,0,1,2023,1,0.0,2.0,0.0,2.0,0.0,6e+16,-60000000000000000,0.0,0.0,0.0,0.0,0.0,0.0,0.0,2.0,1.0,0.5,0.0,,0.0,,0.0,,0.0,,0.0,,0.0,,3.8988637527956924,0.06793037550757419,0.0,0.0,94.51613,97.09677,63.870968,4.52,4.52%
164,0x44a6999ec971cfca458aff25a808f272f6d492a2,0,1,2023,1,1.0,0.0,1.0,0.0,1.1582842915360276e+18,0.0,1158284291536027600,0.0,0.0,0.0,0.0,0.0,0.0,0.0,1.0,0.0,0.0,0.0,,0.0,,0.0,,0.0,,0.0,,0.0,,1.7595012316185374,-0.005601784211306304,0.0,0.0,77.741936,79.67742,52.473118,20.65,20.65%
165,0xf9b30557afcf76ea82c04015d80057fa2147dfa9,0,1,2023,1,1.0,0.0,1.0,0.0,6.614239807993476e+16,0.0,66142398079934758,0.0,0.0,0.0,0.0,0.0,0.0,0.0,1.0,0.0,0.0,0.0,,0.0,,0.0,,0.0,,0.0,,0.0,,1.2651352163810983,-0.025197262763162254,0.0,0.0,4.83871,17.096775,7.3118286,94.84,94.84%
166,0x382ffce2287252f930e1c8dc9328dac5bf282ba1,0,1,2023,1,1.0,0.0,1.0,0.0,668105031110452.0,0.0,668105031110452,0.0,0.0,0.0,0.0,0.0,0.0,0.0,1.0,0.0,0.0,0.0,,0.0,,0.0,,0.0,,0.0,,0.0,,1.700048216535794,-0.004441464260986627,0.0,0.0,74.51613,80.32258,51.612904,23.23,23.23%
167,0xe7ef24aa6dea79767eac7608662ddd8f19b93066,0,1,2023,1,0.0,1.0,0.0,1.0,0.0,5e+16,-50000000000000000,0.0,0.0,0.0,0.0,0.0,0.0,0.0,1.0,0.0,0.0,0.0,,0.0,,0.0,,0.0,,0.0,,0.0,,1.4979790410723204,-0.025206212585430432,0.0,0.0,41.29032,15.806452,19.032257,72.58,72.58%
168,0xeb5442e53ea30028adcfda5d8a76ac3457591e68,0,1,2023,1,0.0,1.0,0.0,1.0,0.0,4.2e+16,-42000000000000000,0.0,0.0,0.0,0.0,0.0,0.0,0.0,2.0,1.0,0.5,0.0,,0.0,,0.0,,0.0,,0.0,,0.0,,1.5179112238114316,-0.02673990702843715,0.0,0.0,45.48387,2.903226,16.129032,80.0,80.00%
169,0xe45da8d6ac8b7f4bef70c94155302448500cb3b5,0,1,2023,1,1.0,0.0,1.0,0.0,4.2e+16,0.0,42000000000000000,0.0,0.0,0.0,0.0,0.0,0.0,0.0,2.0,1.0,0.5,0.0,,0.0,,0.0,,0.0,,0.0,,0.0,,1.4971524353035524,-0.023467773015351523,0.0,0.0,40.322582,32.903225,24.408602,63.23,63.23%
170,0xec12a04d45b67a7c359d2b2442c8804c86d58d77,0,1,2023,1,0.0,1.0,0.0,1.0,0.0,3.34201371214236e+16,-33420137121423596,0.0,0.0,0.0,0.0,0.0,0.0,0.0,2.0,1.0,0.5,0.0,,0.0,,0.0,,0.0,,0.0,,0.0,,1.555453654135638,-0.026136657873312874,0.0,0.0,56.451614,7.096774,21.182796,70.32,70.32%
171,0xe16bb2981ae125f1a89a4781509eda817594bad4,0,1,2023,1,1.0,0.0,1.0,0.0,3.34201371214236e+16,0.0,33420137121423596,0.0,0.0,0.0,0.0,0.0,0.0,0.0,2.0,1.0,0.5,0.0,,0.0,,0.0,,0.0,,0.0,,0.0,,1.5269882520177724,-0.02158878669913855,0.0,0.0,50.0,46.129032,32.04301,48.06,48.06%
172,0xf8b209322e6b01f3fd87d4131d0c96a599287b8e,0,1,2023,1,1.0,0.0,1.0,0.0,3.601936e+16,0.0,36019360000000000,0.0,0.0,0.0,0.0,0.0,0.0,0.0,2.0,1.0,0.5,0.0,,0.0,,0.0,,0.0,,0.0,,0.0,,1.5140467668740267,-0.022487886775043098,0.0,0.0,44.19355,38.387096,27.52688,56.77,56.77%
173,0xfceb2ec2aa6171ea90bec953fcd12a2c774c819d,0,1,2023,1,0.0,1.0,0.0,1.0,0.0,3.503113792435656e+18,-3503113792435656483,0.0,0.0,0.0,0.0,0.0,0.0,0.0,1.0,0.0,0.0,0.0,,0.0,,0.0,,0.0,,0.0,,0.0,,1.6604147049642977,-0.008810403095864339,0.0,0.0,72.58064,73.870964,48.8172,25.81,25.81%
174,0xfe042ae8548ec8a7aee1b24111f63987512d66ab,0,1,2023,1,0.0,1.0,0.0,1.0,0.0,1.08457528808811e+17,-108457528808811000,0.0,0.0,0.0,0.0,0.0,0.0,0.0,1.0,0.0,0.0,0.0,,0.0,,0.0,,0.0,,0.0,,0.0,,1.2438737553019394,-0.026029018624472378,0.0,0.0,2.2580645,9.354838,3.8709676,99.35,99.35%
175,0xfe7c4bf0cd9cc080d38933c2680d08a939b4be2d,0,1,2023,1,0.0,1.0,0.0,1.0,0.0,3.308738e+16,-33087380000000000,0.0,0.0,0.0,0.0,0.0,0.0,0.0,2.0,1.0,0.5,0.0,,0.0,,0.0,,0.0,,0.0,,0.0,,1.5555280561468292,-0.026136657873312874,0.0,0.0,57.096775,7.096774,21.39785,69.68,69.68%
