tx_sid,tx_hash,block_sid
1_0x561bc8fc253b806862464221181f7976e5e0952ec644250acd8e6195696fe975,0x561bc8fc253b806862464221181f7976e5e0952ec644250acd8e6195696fe975,1_16308189
1_0x095dad5cc873af671018a209fe080dd50032ffaf5619691f9fa00c938475dbba,0x095dad5cc873af671018a209fe080dd50032ffaf5619691f9fa00c938475dbba,1_16308189
1_0xdf34b779f23ad6a8714d295ce2b647d1c8b8b2aac93d2412c09168d67816c044,0xdf34b779f23ad6a8714d295ce2b647d1c8b8b2aac93d2412c09168d67816c044,1_16308189
1_0x8b02a530210a656ba1c5be7c4f2a059e3aa27b6de49446417015cab2307dab74,0x8b02a530210a656ba1c5be7c4f2a059e3aa27b6de49446417015cab2307dab74,1_16308189
1_0xefbd81a1ca990b038470de7a1cc560e7bd1a4ddc4cb6b7dcd44bbadfd5fb4a37,0xefbd81a1ca990b038470de7a1cc560e7bd1a4ddc4cb6b7dcd44bbadfd5fb4a37,1_16308189
1_0x711d9371879bffd3619ed4c52647d1d62bff4df88ba4fe5a469c479412a6ba65,0x711d9371879bffd3619ed4c52647d1d62bff4df88ba4fe5a469c479412a6ba65,1_16308189
1_0x3ed9018b4806495baff56b25e46a8fd2cfec160418e12280a723ab607dcd33a0,0x3ed9018b4806495baff56b25e46a8fd2cfec160418e12280a723ab607dcd33a0,1_16308189
1_0xa121e9645d2471521414d9aa970021df82e8fc036dfdd1667952aa5f2c48372c,0xa121e9645d2471521414d9aa970021df82e8fc036dfdd1667952aa5f2c48372c,1_16308189
1_0xc86d2bb29d718b67236efa462d2a853b22ccb5af846e9de908a8f51434375e88,0xc86d2bb29d718b67236efa462d2a853b22ccb5af846e9de908a8f51434375e88,1_16308189
1_0xf01a02319e5fecfc1262d7cb49c690479734fcfd152303a93a4bbdc717e8a500,0xf01a02319e5fecfc1262d7cb49c690479734fcfd152303a93a4bbdc717e8a500,1_16308189
1_0xb2fa248e2815b45885d2cc82fd438ae09eca15d76be35e65368bb4c351aeefe6,0xb2fa248e2815b45885d2cc82fd438ae09eca15d76be35e65368bb4c351aeefe6,1_16308189
1_0xa8087cd402088f96d932f648c62cc481fa10fa4c876134acf8e8389b988a21b4,0xa8087cd402088f96d932f648c62cc481fa10fa4c876134acf8e8389b988a21b4,1_16308189
1_0x7417569b9f5af8df0ad754d3e9b5f51cba17d568a37c5b5c0cf35b3109d24814,0x7417569b9f5af8df0ad754d3e9b5f51cba17d568a37c5b5c0cf35b3109d24814,1_16308189
1_0xec66a82af0704cef6423db235bb9932d38f386c9e3b70828648fef72e9c4586c,0xec66a82af0704cef6423db235bb9932d38f386c9e3b70828648fef72e9c4586c,1_16308189
1_0x39a0bc31ab8d3e8e50db91d10de6eb3d95580c1c6d3917b4906a35da910a16db,0x39a0bc31ab8d3e8e50db91d10de6eb3d95580c1c6d3917b4906a35da910a16db,1_16308189
1_0x6a4bf4db8f6a0a1dfa7c2b09adedf560a051aaedeeeda30b86d7ec0f8f53d8c7,0x6a4bf4db8f6a0a1dfa7c2b09adedf560a051aaedeeeda30b86d7ec0f8f53d8c7,1_16308189
1_0xc66b1f2dca4976800cfa533a826bb76d04befe6838c592eb1eade4bf2e0185a1,0xc66b1f2dca4976800cfa533a826bb76d04befe6838c592eb1eade4bf2e0185a1,1_16308189
1_0xc4fb9aad3a08d8b65d8c437d50086e0ed09e6ed04d4b80b79f24dc065663604d,0xc4fb9aad3a08d8b65d8c437d50086e0ed09e6ed04d4b80b79f24dc065663604d,1_16308189
1_0x5021495d4356e6670200bc7b549a4e3d4c052d4fbb65b74f6615952242845ab0,0x5021495d4356e6670200bc7b549a4e3d4c052d4fbb65b74f6615952242845ab0,1_16308189
1_0x144d156099d0ea8692de69b06613afa9366ab14d7fb37095664082c2c5146533,0x144d156099d0ea8692de69b06613afa9366ab14d7fb37095664082c2c5146533,1_16308189
1_0x45c7fb4f1116214317372f0ecaaf779a438eaddabc79348709ad8572a7d2087a,0x45c7fb4f1116214317372f0ecaaf779a438eaddabc79348709ad8572a7d2087a,1_16308189
1_0xe05d0cf27013ebe48bdd8ea082edb1b10adb39a5b36fd291ff075bf9e541c1f0,0xe05d0cf27013ebe48bdd8ea082edb1b10adb39a5b36fd291ff075bf9e541c1f0,1_16308189
1_0xf201f0f9f5ea724eb53da6becbd757c614efee308fbb479f6c71f32a180a32f0,0xf201f0f9f5ea724eb53da6becbd757c614efee308fbb479f6c71f32a180a32f0,1_16308189
1_0x07489f179da93cb44ea2a295da4c4978a78b4dec63519b7e5d2902f0cd4748e9,0x07489f179da93cb44ea2a295da4c4978a78b4dec63519b7e5d2902f0cd4748e9,1_16308189
1_0x03be64ae3f274f476107fbec73915ee637cd8ae2e669ea95cb2ae6aef8e25224,0x03be64ae3f274f476107fbec73915ee637cd8ae2e669ea95cb2ae6aef8e25224,1_16308189
1_0x607dd5dfe1d6af73250dde2935336388c42e1b101c7e4e06727458b180de8970,0x607dd5dfe1d6af73250dde2935336388c42e1b101c7e4e06727458b180de8970,1_16308189
1_0x0fa68ca1c7badb4a1926f01e3e3527c0eeda7ff716961b3d122f33b514da0e13,0x0fa68ca1c7badb4a1926f01e3e3527c0eeda7ff716961b3d122f33b514da0e13,1_16308189
1_0xdb2ef9d502fc06fa597e89ce24e67ae9e69508b6df97b90d64dd6f09d110152b,0xdb2ef9d502fc06fa597e89ce24e67ae9e69508b6df97b90d64dd6f09d110152b,1_16308189
1_0xf745e8399fe2a0e5c42be314ad4d5cfea81fcad4c4e076c264018b8f579dce95,0xf745e8399fe2a0e5c42be314ad4d5cfea81fcad4c4e076c264018b8f579dce95,1_16308189
1_0xb053fdf028569e3d0cf012e3f129bbf0328816ca77b6a371cf0967959730e76b,0xb053fdf028569e3d0cf012e3f129bbf0328816ca77b6a371cf0967959730e76b,1_16308189
1_0x9c0ca823436e88ab7449fc127d3c711b51ac2219774d57fdd7f7d86c86838f77,0x9c0ca823436e88ab7449fc127d3c711b51ac2219774d57fdd7f7d86c86838f77,1_16308189
1_0x3fbe5c916334532f74865c5e21ae94f1cd9f1d62ad643a84e68186e243653a1a,0x3fbe5c916334532f74865c5e21ae94f1cd9f1d62ad643a84e68186e243653a1a,1_16308189
1_0x664a7b828c6d241b72a1a7c82e2b3c0711f7f3725255b08cab7811b98958854c,0x664a7b828c6d241b72a1a7c82e2b3c0711f7f3725255b08cab7811b98958854c,1_16308189
1_0x5b250b4939044497eb72782abd14d0a5d87d495dc5cb06675d04e823ef63ec11,0x5b250b4939044497eb72782abd14d0a5d87d495dc5cb06675d04e823ef63ec11,1_16308189
1_0x5eb822691e0203c4d3a78de73416095d21d23906c31781002a271a6103b46a22,0x5eb822691e0203c4d3a78de73416095d21d23906c31781002a271a6103b46a22,1_16308189
1_0xd58026356981bd2778b2049ad6f10acc997d990fb06e725ac6b5e5e4267f8ca9,0xd58026356981bd2778b2049ad6f10acc997d990fb06e725ac6b5e5e4267f8ca9,1_16308189
1_0xba4a24c5e6fbf87f3ff1635dbf73e4ae3fe552c9edbe6b8e57860a2b3f354c61,0xba4a24c5e6fbf87f3ff1635dbf73e4ae3fe552c9edbe6b8e57860a2b3f354c61,1_16308189
1_0x799015f3f04eae09c67896957618411843ad0cc1360b8a88615489886e8b79e8,0x799015f3f04eae09c67896957618411843ad0cc1360b8a88615489886e8b79e8,1_16308189
1_0x5e5dfaed9b8a95e85f52ad8119ab3170f6a9c404089320e26761b3d524bccd43,0x5e5dfaed9b8a95e85f52ad8119ab3170f6a9c404089320e26761b3d524bccd43,1_16308189
1_0x9e6b1d0749e9fd5c4938f0e765bb652b233dcdcd392173fdaa4bb32b5e612d1f,0x9e6b1d0749e9fd5c4938f0e765bb652b233dcdcd392173fdaa4bb32b5e612d1f,1_16308189
1_0x82b199e75fd215a241f477614dca545d39a503517a9b1c00e71c4cec06daf21f,0x82b199e75fd215a241f477614dca545d39a503517a9b1c00e71c4cec06daf21f,1_16308189
1_0x61accc82b86520fa529a484082bcbc5e7400d24fe6613ed3e91ff4281904ee7f,0x61accc82b86520fa529a484082bcbc5e7400d24fe6613ed3e91ff4281904ee7f,1_16308189
1_0x43fcaf52de1324dbee8fab2e5233ee6db5172f306fb2da6e932649a544026ca2,0x43fcaf52de1324dbee8fab2e5233ee6db5172f306fb2da6e932649a544026ca2,1_16308189
1_0xf8b4c0769f8b8dd1773d7591b5a0e94a9d91e63b79a4e185004bed819494a765,0xf8b4c0769f8b8dd1773d7591b5a0e94a9d91e63b79a4e185004bed819494a765,1_16308189
1_0x8abf2274fb8c75005b80818ea1682afe9616538563fa6912cab49db4d6fd98e8,0x8abf2274fb8c75005b80818ea1682afe9616538563fa6912cab49db4d6fd98e8,1_16308189
1_0x18db8afb2e945562b23309c1bd2794d8e0f1b60b2b61e61bb6651f317ab8f512,0x18db8afb2e945562b23309c1bd2794d8e0f1b60b2b61e61bb6651f317ab8f512,1_16308189
1_0x3c8d01c0fb5e68af145a0d6e098c911fbf7aab314b718a1cb2f4a06607247dbd,0x3c8d01c0fb5e68af145a0d6e098c911fbf7aab314b718a1cb2f4a06607247dbd,1_16308189
1_0xb86c1690edcfa06880d5f5f0dedca08a4aa9bf89517956399da7fce7143536d0,0xb86c1690edcfa06880d5f5f0dedca08a4aa9bf89517956399da7fce7143536d0,1_16308189
1_0xbaa6af1abf02056fb308e7b537b1be4615e91f55719eb7ffdfafc8ebb7058434,0xbaa6af1abf02056fb308e7b537b1be4615e91f55719eb7ffdfafc8ebb7058434,1_16308189
1_0x088405711ae59f70672947eab084158716b9051563d65fb2ebed285210fdeb68,0x088405711ae59f70672947eab084158716b9051563d65fb2ebed285210fdeb68,1_16308189
1_0x788ad550e4413b99d6aa0e135d6753322d52625f607de7cdd1f1f9439a94eea0,0x788ad550e4413b99d6aa0e135d6753322d52625f607de7cdd1f1f9439a94eea0,1_16308189
1_0x7fb6d199e2f896944cf1d750a4b14e5ace48d74b78288a0217846d1a9d80c49e,0x7fb6d199e2f896944cf1d750a4b14e5ace48d74b78288a0217846d1a9d80c49e,1_16308189
1_0x4434e23ab0df60768461da7ffab02da5007ec4467e9beccb6be7bb372305e8b9,0x4434e23ab0df60768461da7ffab02da5007ec4467e9beccb6be7bb372305e8b9,1_16308189
1_0xc87d3c6f0c1d68f6697d59f05a42382ad5ed7c6e38de8699f7f4b6e31b0ee5a1,0xc87d3c6f0c1d68f6697d59f05a42382ad5ed7c6e38de8699f7f4b6e31b0ee5a1,1_16308189
1_0xcd34bb90b1764f1141ecd646cb8e93e28986271868e2c2c41f4a900a9daf30a6,0xcd34bb90b1764f1141ecd646cb8e93e28986271868e2c2c41f4a900a9daf30a6,1_16308189
1_0xf40c985df106f32ff0425272508ff9080bc8e48bf6244d8accecf99742814b4f,0xf40c985df106f32ff0425272508ff9080bc8e48bf6244d8accecf99742814b4f,1_16308189
1_0x151c11e2849e0afabb5449ab85972f0946ca7195c76a7228f99471cdc7cb8621,0x151c11e2849e0afabb5449ab85972f0946ca7195c76a7228f99471cdc7cb8621,1_16308189
1_0x18630445621dead366802c21fd741a74c76934f6c80224771555fb6dc163bc9d,0x18630445621dead366802c21fd741a74c76934f6c80224771555fb6dc163bc9d,1_16308189
1_0x84edd95d01568ed6fc0ea6fc5f70dfbad3b0b12f4bcd524a4e7a72a58a36c6c3,0x84edd95d01568ed6fc0ea6fc5f70dfbad3b0b12f4bcd524a4e7a72a58a36c6c3,1_16308189
1_0x602ecf7199b9d8048ce65c7cd0af917b6d53a10ebb44daef558b4a570aa108c4,0x602ecf7199b9d8048ce65c7cd0af917b6d53a10ebb44daef558b4a570aa108c4,1_16308189
1_0x8767994d5f6f0241af14dff39fa76027b9ede6c1cd6b7f615b5be9615389e417,0x8767994d5f6f0241af14dff39fa76027b9ede6c1cd6b7f615b5be9615389e417,1_16308189
1_0xc05307687a8c8ccf1d5352d6c54a0c70a1dd10aba1b63dbc4a5ac7af15e38a7d,0xc05307687a8c8ccf1d5352d6c54a0c70a1dd10aba1b63dbc4a5ac7af15e38a7d,1_16308189
1_0x4b8d2c36dcbe3d30787113894046702c86c685bf91d214e871b93991854fad2b,0x4b8d2c36dcbe3d30787113894046702c86c685bf91d214e871b93991854fad2b,1_16308189
1_0xfdd07d51bb9a3f6fc54bde1bb712daf27ae9cc8bda1b456d315ee2a83f0545a3,0xfdd07d51bb9a3f6fc54bde1bb712daf27ae9cc8bda1b456d315ee2a83f0545a3,1_16308189
1_0x1400670edee6b2d21c323fa799d7fbb3edfd0958fda86ce24e9e7b340aaf15b2,0x1400670edee6b2d21c323fa799d7fbb3edfd0958fda86ce24e9e7b340aaf15b2,1_16308189
1_0xb987f142c5e32872c537e35397cfa68c52ad5fd8867c043aede48f212d21d054,0xb987f142c5e32872c537e35397cfa68c52ad5fd8867c043aede48f212d21d054,1_16308189
1_0x42ee14ef36cec72d8ec06ccc1c5f4c548f1df70e2a76119aff157057ebe40a6d,0x42ee14ef36cec72d8ec06ccc1c5f4c548f1df70e2a76119aff157057ebe40a6d,1_16308189
1_0x6318f494ae335bad8c0ebaade8ec955bd5a3caabd13d6d990f87092a6f8c74ca,0x6318f494ae335bad8c0ebaade8ec955bd5a3caabd13d6d990f87092a6f8c74ca,1_16308189
1_0x72397629df456569bf7bbcb4a875d255c7d659c308981a89a3449bc0dc0bb108,0x72397629df456569bf7bbcb4a875d255c7d659c308981a89a3449bc0dc0bb108,1_16308189
1_0x0d6c04bd0f6c3d13033c5d6bbfee218b151b732b0bd1dfa8fb2d32f17485aefd,0x0d6c04bd0f6c3d13033c5d6bbfee218b151b732b0bd1dfa8fb2d32f17485aefd,1_16308189
1_0xc0b49cabb7829d2ecefd694421e0b3ff56f9b3959a196727265d83bca89d385a,0xc0b49cabb7829d2ecefd694421e0b3ff56f9b3959a196727265d83bca89d385a,1_16308189
1_0xe6b103583a2b0a2316076b9014ebb5195a78697ea7a2cf33121755cdf33b2e1d,0xe6b103583a2b0a2316076b9014ebb5195a78697ea7a2cf33121755cdf33b2e1d,1_16308189
1_0xfd8b94f6bdab343b8901c184f0f66d80564971b0009929c047805ef5590a2cce,0xfd8b94f6bdab343b8901c184f0f66d80564971b0009929c047805ef5590a2cce,1_16308189
1_0xc95f0be9097405038de6dd31e27d73a3c30871aba0997efe5ea2a75e69598a20,0xc95f0be9097405038de6dd31e27d73a3c30871aba0997efe5ea2a75e69598a20,1_16308189
1_0x012fa9d759cdd345b31087df6aa86af656b0b694c16456df6186277abc1dc94b,0x012fa9d759cdd345b31087df6aa86af656b0b694c16456df6186277abc1dc94b,1_16308189
1_0x1d082eec71f2b6be724bc938114507459b5e021dde9721bff955583a30413e59,0x1d082eec71f2b6be724bc938114507459b5e021dde9721bff955583a30413e59,1_16308189
1_0x866dfa0418febf72109e9d26fe05939c8a5a6fe9ac6f7801176e64fcc2585218,0x866dfa0418febf72109e9d26fe05939c8a5a6fe9ac6f7801176e64fcc2585218,1_16308189
1_0x94d2c3388bd559c326ed8b335e976573778cbc7704a4db25dfa345479f484091,0x94d2c3388bd559c326ed8b335e976573778cbc7704a4db25dfa345479f484091,1_16308189
1_0xd38c55d882faf5605275fd77d1dc80fbadf79eb5d2313523030208cf70d44b12,0xd38c55d882faf5605275fd77d1dc80fbadf79eb5d2313523030208cf70d44b12,1_16308189
1_0x3c649c1bef3e3dbb812403774bfd325641951db097268b304074fae35b4cac57,0x3c649c1bef3e3dbb812403774bfd325641951db097268b304074fae35b4cac57,1_16308189
1_0x9f57b3dd50b62d14a16c14684a6e3a7d3b904a5203114065327d47bc16f4a49c,0x9f57b3dd50b62d14a16c14684a6e3a7d3b904a5203114065327d47bc16f4a49c,1_16308189
1_0xb63f337f99d760c4dbe6369a2008738b6a70f3739de894ebe2d98b8bff7f6fb2,0xb63f337f99d760c4dbe6369a2008738b6a70f3739de894ebe2d98b8bff7f6fb2,1_16308189
1_0xb632c6aace83e41f714ab64ee79a3812bd4ef1a5c0e790f787810ae504db26e2,0xb632c6aace83e41f714ab64ee79a3812bd4ef1a5c0e790f787810ae504db26e2,1_16308189
1_0x85460ccc960451ca8b1e45ccc7a7fdd46252c53598237eb5e44717cdd7ae3b6f,0x85460ccc960451ca8b1e45ccc7a7fdd46252c53598237eb5e44717cdd7ae3b6f,1_16308189
1_0xe8ebbd8182b123fbe6698b02b46f1558dd12246daf52bedf3fe438e07c34adb5,0xe8ebbd8182b123fbe6698b02b46f1558dd12246daf52bedf3fe438e07c34adb5,1_16308189
1_0xf1c5217a8fd41241aff789f112a5320d226a4b5a86cc948d10e4584ac9f72bb2,0xf1c5217a8fd41241aff789f112a5320d226a4b5a86cc948d10e4584ac9f72bb2,1_16308189
1_0xbfc6fd84cace97719f1ffd884fb86155de5579df0052c19f12b50e3c9b639604,0xbfc6fd84cace97719f1ffd884fb86155de5579df0052c19f12b50e3c9b639604,1_16308189
1_0xc6a7a7160eff399b2a6bbb82a5351bd5c13fc1262ef9ea8bf12d24f03509f7d9,0xc6a7a7160eff399b2a6bbb82a5351bd5c13fc1262ef9ea8bf12d24f03509f7d9,1_16308189
1_0xf565716a547ae56ecfe1f71e44607269927507c68921b550f3ba5cb873c5ccaf,0xf565716a547ae56ecfe1f71e44607269927507c68921b550f3ba5cb873c5ccaf,1_16308189
1_0xcf3a2b45e185accd521d6a7327e2d7350307fff68e75bb095bea0080ed10cad6,0xcf3a2b45e185accd521d6a7327e2d7350307fff68e75bb095bea0080ed10cad6,1_16308189
1_0xe360b17af69be5c25eada63d9b438a9385a7dda42a606fab7c82c3887bb97042,0xe360b17af69be5c25eada63d9b438a9385a7dda42a606fab7c82c3887bb97042,1_16308189
1_0x5aef3fd1612349f64dfad8c7f305aee90908880625a1a900e311271d63d2072e,0x5aef3fd1612349f64dfad8c7f305aee90908880625a1a900e311271d63d2072e,1_16308189
1_0x6cc35d0f816bdcfbd277c1507f216fd9054f379b8d3b8097661c748c56a9218d,0x6cc35d0f816bdcfbd277c1507f216fd9054f379b8d3b8097661c748c56a9218d,1_16308189
1_0xa56ad0e7723066fc873af6e45c834d5702b2f179ed335a450924b36113997759,0xa56ad0e7723066fc873af6e45c834d5702b2f179ed335a450924b36113997759,1_16308189
1_0x0039d23cf7b594af7e001e06153070f4938fc766aec0390a73550ecdea46d0fb,0x0039d23cf7b594af7e001e06153070f4938fc766aec0390a73550ecdea46d0fb,1_16308189
1_0x68157c30b2f7f5307f85341536b8b5071d24ad459227e7fec2852b2357fc67ed,0x68157c30b2f7f5307f85341536b8b5071d24ad459227e7fec2852b2357fc67ed,1_16308189
1_0xbba93854f65f53ed3161aeb9df11f841284e8666096932964b40f77078f56942,0xbba93854f65f53ed3161aeb9df11f841284e8666096932964b40f77078f56942,1_16308189
1_0x31be0107558f08fdc299dd6d157b5043084822498a89718b71c3463c95438c48,0x31be0107558f08fdc299dd6d157b5043084822498a89718b71c3463c95438c48,1_16308189
1_0xe4bdd87239855a91d150cabaae0403403833380fcd6050ac95672e2ce45127e1,0xe4bdd87239855a91d150cabaae0403403833380fcd6050ac95672e2ce45127e1,1_16308189
1_0xf55f34d8da19ddfea31d102dc1f27d019b33d708ff8b68d5569642eb6d9434d1,0xf55f34d8da19ddfea31d102dc1f27d019b33d708ff8b68d5569642eb6d9434d1,1_16308189
1_0x93d171cd1fbb0d9abb7863695fe5ced87eaa55ef1141ab51f04007f4741c053b,0x93d171cd1fbb0d9abb7863695fe5ced87eaa55ef1141ab51f04007f4741c053b,1_16308189
1_0xdc2737a2f4d14fb01a36a054db64df28423ec76aa58bb3be574339d5cc7eed10,0xdc2737a2f4d14fb01a36a054db64df28423ec76aa58bb3be574339d5cc7eed10,1_16308189
1_0xda6d28e6d9cfeec64a9f2927e3907fcbcd46736d951f1e9c37cc5c5daa04aafa,0xda6d28e6d9cfeec64a9f2927e3907fcbcd46736d951f1e9c37cc5c5daa04aafa,1_16308189
1_0x9a4618d53afdc44f23f058eba92b4cd17fe714c49b5d4a953d22942dea86fb4a,0x9a4618d53afdc44f23f058eba92b4cd17fe714c49b5d4a953d22942dea86fb4a,1_16308189
1_0x761fc56760d585784ba9525f1a08259109f8cc7bdc11738002832872af2b3186,0x761fc56760d585784ba9525f1a08259109f8cc7bdc11738002832872af2b3186,1_16308189
1_0x66c6c3afefdd9c68a5771fbac72480e4821c9fd1d82db8955784576ec7610ac1,0x66c6c3afefdd9c68a5771fbac72480e4821c9fd1d82db8955784576ec7610ac1,1_16308189
1_0x3367164b8366fa49037bce6eccb8f0152355c6fae63f8e59dff1dd9b01138651,0x3367164b8366fa49037bce6eccb8f0152355c6fae63f8e59dff1dd9b01138651,1_16308189
1_0xb3e53499fe0353d926dd55f120b8c37d92f3eae02898a1f00bbe2fae1a6c4530,0xb3e53499fe0353d926dd55f120b8c37d92f3eae02898a1f00bbe2fae1a6c4530,1_16308189
1_0x7deee34e1c04f6d7a043bcec42a19504bcd7d9d0509d2425e58daa9e3d866354,0x7deee34e1c04f6d7a043bcec42a19504bcd7d9d0509d2425e58daa9e3d866354,1_16308189
1_0xada38e3741ef79f6fca22d91368ccb9cd3b8c599d63d54b90b1d0fa1c6baa4a6,0xada38e3741ef79f6fca22d91368ccb9cd3b8c599d63d54b90b1d0fa1c6baa4a6,1_16308189
1_0xfa455fe8ddcd43385f96abec1e73e1416299f86451bb8a5ec65b284d6c2a8e9e,0xfa455fe8ddcd43385f96abec1e73e1416299f86451bb8a5ec65b284d6c2a8e9e,1_16308189
1_0xb0d5bf27e1eb27d2d15208374a9588f53514c60b9bf206eeb20fdd67c08d5011,0xb0d5bf27e1eb27d2d15208374a9588f53514c60b9bf206eeb20fdd67c08d5011,1_16308189
1_0x793e825796ec2778b2f4d4224db90899a045f9f1f5a87f4af61def965ee6fab4,0x793e825796ec2778b2f4d4224db90899a045f9f1f5a87f4af61def965ee6fab4,1_16308189
1_0x37246516ae387388674b6441bbf157b05a8b83582e1fc20cd8b19289e3839dbf,0x37246516ae387388674b6441bbf157b05a8b83582e1fc20cd8b19289e3839dbf,1_16308189
1_0x14c2891a23e9b03fb35cd3d9ffe512a73999365493a0f7190bd1c2fb93ff998c,0x14c2891a23e9b03fb35cd3d9ffe512a73999365493a0f7190bd1c2fb93ff998c,1_16308189
1_0xe0cd530899d172a1bb8ccf2a5f49bff20149a7c8c9bfdc7127e55c1097b7fad4,0xe0cd530899d172a1bb8ccf2a5f49bff20149a7c8c9bfdc7127e55c1097b7fad4,1_16308189
1_0x3836b157c4b0d5ce4fdd91af452b6568bfc279dd1b4dc7d99c0738e147d0fb78,0x3836b157c4b0d5ce4fdd91af452b6568bfc279dd1b4dc7d99c0738e147d0fb78,1_16308189
1_0x862f99f51128bad22c7a0b7d7422356b62d56017202947e0c40374f6341b50a8,0x862f99f51128bad22c7a0b7d7422356b62d56017202947e0c40374f6341b50a8,1_16308189
1_0x6009296a869b4d829fe8f44a0f57d2fbaadee49fd80ec3315ed587cca004f548,0x6009296a869b4d829fe8f44a0f57d2fbaadee49fd80ec3315ed587cca004f548,1_16308189
1_0x6bafc240691d78dd53b1b6157e130ed9e537fd1924dba9ef147abc3a8e66d677,0x6bafc240691d78dd53b1b6157e130ed9e537fd1924dba9ef147abc3a8e66d677,1_16308190
1_0x5d567dc7ea8fd241dbe0830574e86d72feb6b2b959ead5f56cf8b5d741cbea06,0x5d567dc7ea8fd241dbe0830574e86d72feb6b2b959ead5f56cf8b5d741cbea06,1_16308190
1_0x86fcbba20e2b085f2895df5d3feb59ffe294530a4e309f93c8a798c5bdeda9e2,0x86fcbba20e2b085f2895df5d3feb59ffe294530a4e309f93c8a798c5bdeda9e2,1_16308190
1_0xd64c96ef9977797400ccf6cecf5739cf8fe5b74d9265a05ac159e75bb5619e42,0xd64c96ef9977797400ccf6cecf5739cf8fe5b74d9265a05ac159e75bb5619e42,1_16308190
1_0x56fc64ec40762079e2636e2917e27ffb9fbf58b446fafde73da8d64fecb19e42,0x56fc64ec40762079e2636e2917e27ffb9fbf58b446fafde73da8d64fecb19e42,1_16308190
1_0xeeace1f69162df311dc037a9b9835ad995a13854279807def9b4dc52df92dd5a,0xeeace1f69162df311dc037a9b9835ad995a13854279807def9b4dc52df92dd5a,1_16308190
1_0xb19d2d97cc247c1c2d1d067b7905878611663187804db214c45f84a04629279f,0xb19d2d97cc247c1c2d1d067b7905878611663187804db214c45f84a04629279f,1_16308190
1_0x0057cbff46fbbcff211be9d2dc24a5dc3358a0bede0895ee9cfbada6730a8ecc,0x0057cbff46fbbcff211be9d2dc24a5dc3358a0bede0895ee9cfbada6730a8ecc,1_16308190
1_0x89d5a7f83762cbeb963102a30ac01875d05092a16368adcbf700bb901718f047,0x89d5a7f83762cbeb963102a30ac01875d05092a16368adcbf700bb901718f047,1_16308190
1_0xd5b225b2dca9a76fc001e105c999de9e6a82bfb44cf89b7687f43614d3e33f4a,0xd5b225b2dca9a76fc001e105c999de9e6a82bfb44cf89b7687f43614d3e33f4a,1_16308190
1_0x712587b7ab5b3707962a0456235737df1f5c945ed617f248daaf10941853da5a,0x712587b7ab5b3707962a0456235737df1f5c945ed617f248daaf10941853da5a,1_16308190
1_0xed1fedce0f6f54f3085a7136ea1eb19b3d6007297e893a5f3f05e5eb99747c19,0xed1fedce0f6f54f3085a7136ea1eb19b3d6007297e893a5f3f05e5eb99747c19,1_16308190
1_0x58d9b884573468e03e5ef8cfe1c7beb9d46e000e1995cfdbb7da6cbf456b3b66,0x58d9b884573468e03e5ef8cfe1c7beb9d46e000e1995cfdbb7da6cbf456b3b66,1_16308190
1_0x234a23e1a728f5304fd4aa5b184618915e96efe27044838f1dd2ab8f04931501,0x234a23e1a728f5304fd4aa5b184618915e96efe27044838f1dd2ab8f04931501,1_16308190
1_0x306c6f1ad7671d63e9b68c403860fcd673fa1443b73a748f3aeb74ad7666e4d8,0x306c6f1ad7671d63e9b68c403860fcd673fa1443b73a748f3aeb74ad7666e4d8,1_16308190
1_0x988b063f7dac658e284dbf48e878bc70ab9e49e854c7ace00444a12b58ad4437,0x988b063f7dac658e284dbf48e878bc70ab9e49e854c7ace00444a12b58ad4437,1_16308190
1_0xa193ab152294f1e8acce6db26401e9120d1655438cd469d97912a6bcd3cd7a7b,0xa193ab152294f1e8acce6db26401e9120d1655438cd469d97912a6bcd3cd7a7b,1_16308190
1_0xfea917ecc8e4745abf610f0e0073064725b996550661ffcd3a79f2ee43546b36,0xfea917ecc8e4745abf610f0e0073064725b996550661ffcd3a79f2ee43546b36,1_16308190
1_0xb17986ee3643f508eea244808c8d6986572f9cc0af96fc410830eebd64764b9a,0xb17986ee3643f508eea244808c8d6986572f9cc0af96fc410830eebd64764b9a,1_16308190
1_0x8d7213971f2f07b48cdab64ef6fd9da84bce4cd69e9766edd9957b4b1def419e,0x8d7213971f2f07b48cdab64ef6fd9da84bce4cd69e9766edd9957b4b1def419e,1_16308190
1_0xb3750393984750fbd8d49dbaff3636e02edd6542b40d867a7ff83d946362699b,0xb3750393984750fbd8d49dbaff3636e02edd6542b40d867a7ff83d946362699b,1_16308190
1_0x1f53592904e2cf571000d5f0fae6fa021f48aee6e1e0cf18b121bda29038fb42,0x1f53592904e2cf571000d5f0fae6fa021f48aee6e1e0cf18b121bda29038fb42,1_16308190
1_0xe103a2984327dd11d9fa98fbbf9116c5678edbf9a7fc31d1309767178350ba55,0xe103a2984327dd11d9fa98fbbf9116c5678edbf9a7fc31d1309767178350ba55,1_16308190
1_0x648329c6a5526678bd0612dc5cdc35db4c38624d1636ff11c5929f41461b162c,0x648329c6a5526678bd0612dc5cdc35db4c38624d1636ff11c5929f41461b162c,1_16308190
1_0xb096e3b4929f580915db2d86945dbd2fa3ebeae51792d1cd087e231f6e56d25f,0xb096e3b4929f580915db2d86945dbd2fa3ebeae51792d1cd087e231f6e56d25f,1_16308190
1_0x69e4f6cfa5f51cacaf05ff6fec062c364704736099d84906c4dbdfb8ee08f160,0x69e4f6cfa5f51cacaf05ff6fec062c364704736099d84906c4dbdfb8ee08f160,1_16308190
1_0x2c0140b7e9d1fe958eab6a809a4e4f64f65f59616b5b5a1cc53a934200f12862,0x2c0140b7e9d1fe958eab6a809a4e4f64f65f59616b5b5a1cc53a934200f12862,1_16308190
1_0xb2ab1fffc583a4e9af0b3eea41d397b76f031063bcf321fa19ff5b7b81288065,0xb2ab1fffc583a4e9af0b3eea41d397b76f031063bcf321fa19ff5b7b81288065,1_16308190
1_0x2a807066ca84fbe3e5b659a729bc424e87e03bcb2844396425f3c1a24f45b59e,0x2a807066ca84fbe3e5b659a729bc424e87e03bcb2844396425f3c1a24f45b59e,1_16308190
1_0x793cc56471e5385c57c7c03a1175e5a534960afd102cb1b96532e9acd90bfd4c,0x793cc56471e5385c57c7c03a1175e5a534960afd102cb1b96532e9acd90bfd4c,1_16308190
1_0x50c9551df979c61cef6f0e6bbb3b7395d077f344d277202011be99c52fc41dfc,0x50c9551df979c61cef6f0e6bbb3b7395d077f344d277202011be99c52fc41dfc,1_16308190
1_0x8db68db4289f5c1b7da482324c6f6b2ff15e1d02aa8f9f9a5f2349603dcf45ec,0x8db68db4289f5c1b7da482324c6f6b2ff15e1d02aa8f9f9a5f2349603dcf45ec,1_16308190
1_0x186483bc86d00b6938e481bbaf3244595dd5a94d811805bcdec0861b52d9e34c,0x186483bc86d00b6938e481bbaf3244595dd5a94d811805bcdec0861b52d9e34c,1_16308190
1_0x2ae5f21481db35b9b49f76e41fbce8799a4b042d3b664e0a71c9f387dfe0ef3e,0x2ae5f21481db35b9b49f76e41fbce8799a4b042d3b664e0a71c9f387dfe0ef3e,1_16308190
1_0xdfd34e107b9d99449fb1269ac4e3fa2fed287a5a9434673d50103905d376b227,0xdfd34e107b9d99449fb1269ac4e3fa2fed287a5a9434673d50103905d376b227,1_16308190
1_0xc1e6badf4cf2ec3fb754476c1f2fc93e39f91d2b20ab072466152afb22a19c0e,0xc1e6badf4cf2ec3fb754476c1f2fc93e39f91d2b20ab072466152afb22a19c0e,1_16308190
1_0xd68a68a5642559ae0072d506e913c2b6f8a956f67fca6a9e95c99235d9631e52,0xd68a68a5642559ae0072d506e913c2b6f8a956f67fca6a9e95c99235d9631e52,1_16308190
1_0x5e38a9661cd5d2d061c0f88ce8299136afbe6ea5ef2dbb28775e29696f65d810,0x5e38a9661cd5d2d061c0f88ce8299136afbe6ea5ef2dbb28775e29696f65d810,1_16308190
1_0x3a15be72076c480f4a94c114a0092781ba7b05662f368b7d71f92902f042fdab,0x3a15be72076c480f4a94c114a0092781ba7b05662f368b7d71f92902f042fdab,1_16308190
1_0x066b7befdc8cabf21614779a36eab2808b2aa66f25715498a55aaf4098d92787,0x066b7befdc8cabf21614779a36eab2808b2aa66f25715498a55aaf4098d92787,1_16308190
1_0x8afcc18c4c6e60b98af5ef636fe33cff9b6baa81fb87429571b8a552a26cbe09,0x8afcc18c4c6e60b98af5ef636fe33cff9b6baa81fb87429571b8a552a26cbe09,1_16308190
1_0x23c8e0b179b0b3fb65e7dfca82e69343aa1152e432d969e7f990ee1f5f3b965d,0x23c8e0b179b0b3fb65e7dfca82e69343aa1152e432d969e7f990ee1f5f3b965d,1_16308190
1_0x9ffc77eaf590e052b884b16f8a02a089b2864bf4b133d6a51def559c538d4033,0x9ffc77eaf590e052b884b16f8a02a089b2864bf4b133d6a51def559c538d4033,1_16308190
1_0x38485b11a9eadb24a306f9516ed298fa83cd2f0d2f32393f61a553dc3e487656,0x38485b11a9eadb24a306f9516ed298fa83cd2f0d2f32393f61a553dc3e487656,1_16308190
1_0x5a504496e1bab8fd12f9cab16b98eabda19793518928d440b6baf8386e769d32,0x5a504496e1bab8fd12f9cab16b98eabda19793518928d440b6baf8386e769d32,1_16308190
1_0xdc008dc2be8e8aaa10c39198339937425008cd9c79d4d849bbdd78600c67f6c3,0xdc008dc2be8e8aaa10c39198339937425008cd9c79d4d849bbdd78600c67f6c3,1_16308190
1_0xb97850c9bc0a0595a521ef19e3e98a257fb7c8314c1121d7e9d5008cdf3270e1,0xb97850c9bc0a0595a521ef19e3e98a257fb7c8314c1121d7e9d5008cdf3270e1,1_16308190
1_0x112084b7d61702cf45d0917187fbb775c5b783a049a2d9003f13d14d074be5e1,0x112084b7d61702cf45d0917187fbb775c5b783a049a2d9003f13d14d074be5e1,1_16308190
1_0xc8ef45023da39667bc79f70f795b02ab678694b62110dc364ee063bc2f42c482,0xc8ef45023da39667bc79f70f795b02ab678694b62110dc364ee063bc2f42c482,1_16308190
1_0x39d392a039e5a79f4b42aef0cee39d864588ca42d02bedd26107daaeb85583a8,0x39d392a039e5a79f4b42aef0cee39d864588ca42d02bedd26107daaeb85583a8,1_16308190
1_0x976991f9bbb74a5c805521d0bc45c118f644ae46204e0b3515f48586ee1ea65d,0x976991f9bbb74a5c805521d0bc45c118f644ae46204e0b3515f48586ee1ea65d,1_16308190
1_0x71d20fb50cd7283cb9dd75570dba653b4133404bdd5163e5c6936ca3cac32213,0x71d20fb50cd7283cb9dd75570dba653b4133404bdd5163e5c6936ca3cac32213,1_16308190
1_0x9e386fd93775bd784c1771c2e7806373d4237de5cb522aaaed02b5c61a63f278,0x9e386fd93775bd784c1771c2e7806373d4237de5cb522aaaed02b5c61a63f278,1_16308190
1_0xbb6c71bae5dc8532ddebe123749a826da0a4d82e984284ac91210cc3a7afb64a,0xbb6c71bae5dc8532ddebe123749a826da0a4d82e984284ac91210cc3a7afb64a,1_16308190
1_0x21779dd7355815426541d14ea1452c6f9032f659ee89e1b96d24c1537a9643f0,0x21779dd7355815426541d14ea1452c6f9032f659ee89e1b96d24c1537a9643f0,1_16308190
1_0x1400e35059cbfdff90e7c3d54bfa6aae5638fcab3db0b6514e5c32e4996af2c3,0x1400e35059cbfdff90e7c3d54bfa6aae5638fcab3db0b6514e5c32e4996af2c3,1_16308190
1_0xb449589521f9fca7ea763e68a028d5ac6190aefcd47df347816d545f2f284471,0xb449589521f9fca7ea763e68a028d5ac6190aefcd47df347816d545f2f284471,1_16308190
1_0x41f2225cdf1d20914302ce958d83817f85f90b90d4126f9db89dcab7e985d58e,0x41f2225cdf1d20914302ce958d83817f85f90b90d4126f9db89dcab7e985d58e,1_16308190
1_0xbdf8ad8555901714cee0a601c3da9fea2f45774da28626bf6fb1c56fcdb5e58a,0xbdf8ad8555901714cee0a601c3da9fea2f45774da28626bf6fb1c56fcdb5e58a,1_16308190
1_0x6145edf36290c77d8058aad0999f5689d6f80b14169100eb2bc3a3f4829f7cd4,0x6145edf36290c77d8058aad0999f5689d6f80b14169100eb2bc3a3f4829f7cd4,1_16308190
1_0xf337e5343cae316d617f9103fde78002a229c52197f2872592de93fc1c174dc4,0xf337e5343cae316d617f9103fde78002a229c52197f2872592de93fc1c174dc4,1_16308190
1_0x7ce56a390695a5eb8a0216b6fb411b9a43f20c422c91d56061971a0a7c8d2c6a,0x7ce56a390695a5eb8a0216b6fb411b9a43f20c422c91d56061971a0a7c8d2c6a,1_16308190
1_0xafc6b5a2054906b460a1ac0666d14bd59838b2668a09c1d06f2fd729e9f18f7d,0xafc6b5a2054906b460a1ac0666d14bd59838b2668a09c1d06f2fd729e9f18f7d,1_16308190
1_0x0e98365c96efead21690f0742c05bc28c3a0196a4104cb9a55c187fa5e954ea8,0x0e98365c96efead21690f0742c05bc28c3a0196a4104cb9a55c187fa5e954ea8,1_16308190
1_0x01de362a491c4c3c935b1e8f260e68415b3436a52a2021ba0a47966c784f9542,0x01de362a491c4c3c935b1e8f260e68415b3436a52a2021ba0a47966c784f9542,1_16308190
1_0xd18a6b00d8e311987642cc5124b5da5edf011d54979088fcc16d2ed7aebc5c7a,0xd18a6b00d8e311987642cc5124b5da5edf011d54979088fcc16d2ed7aebc5c7a,1_16308190
1_0x79f115f29f58e06c24a20fceff07abec6693314c02e2d8875b022a3e5b4fe111,0x79f115f29f58e06c24a20fceff07abec6693314c02e2d8875b022a3e5b4fe111,1_16308190
1_0x490ac5d4f9409e00045ee978d4165bfe67d3e44a639aeff1c4b71de1029506c9,0x490ac5d4f9409e00045ee978d4165bfe67d3e44a639aeff1c4b71de1029506c9,1_16308190
1_0xa8b72587188dba109d5a883dca3648ceef1db51b717d64b863b3a7706bee804d,0xa8b72587188dba109d5a883dca3648ceef1db51b717d64b863b3a7706bee804d,1_16308190
1_0x2edce5d510cc7de69a19c1ec7acca6d255049286792be1956499393409fae28b,0x2edce5d510cc7de69a19c1ec7acca6d255049286792be1956499393409fae28b,1_16308190
1_0x80054e257682e6422513ed0556e7fa6a88f665363b0b03e445c3ee12e876bdf8,0x80054e257682e6422513ed0556e7fa6a88f665363b0b03e445c3ee12e876bdf8,1_16308190
1_0xf0f783bce92bf87cf367aca1ff07b6060c20dbe750cdf5f4fe91643e7fbdd73e,0xf0f783bce92bf87cf367aca1ff07b6060c20dbe750cdf5f4fe91643e7fbdd73e,1_16308190
1_0xc2d12eac3c22262cf28734aa9ae13577d41383172e021dff550ec107169659e1,0xc2d12eac3c22262cf28734aa9ae13577d41383172e021dff550ec107169659e1,1_16308190
1_0x0455fd9fe54ab7cc0d16a85f90ff2d53b03142278253deb800e3d4f2d939bb3c,0x0455fd9fe54ab7cc0d16a85f90ff2d53b03142278253deb800e3d4f2d939bb3c,1_16308190
1_0xfbdb69e5060e9886cfc3dfd5fde7e3556151fb561586918b96ecb75e9ef837c5,0xfbdb69e5060e9886cfc3dfd5fde7e3556151fb561586918b96ecb75e9ef837c5,1_16308190
1_0x3d5d01787828ac49ad8d1c1ddda8e68512ae19d6ca405b91fa7c905e41ee28dc,0x3d5d01787828ac49ad8d1c1ddda8e68512ae19d6ca405b91fa7c905e41ee28dc,1_16308190
1_0x67d885cbebecc90cb548b0cbcb52f459d74f30c0a04ef04a55f9d59ead00047b,0x67d885cbebecc90cb548b0cbcb52f459d74f30c0a04ef04a55f9d59ead00047b,1_16308190
1_0x23a1da3474f60d278f6c32ae1036d0a312b96c185cbe09d21f90e2d8c212cc21,0x23a1da3474f60d278f6c32ae1036d0a312b96c185cbe09d21f90e2d8c212cc21,1_16308190
1_0x0b7c5682dc7c478cb2b4f4e688b57fde1812ea9697c668fbc19aba88ab811fe5,0x0b7c5682dc7c478cb2b4f4e688b57fde1812ea9697c668fbc19aba88ab811fe5,1_16308190
1_0x01094b189ddf823d724603c811c23985f0637408193db571a81072ef15261808,0x01094b189ddf823d724603c811c23985f0637408193db571a81072ef15261808,1_16308190
1_0x26a0708aa9b9b9e912b614fcc0b810b26f9d362a8d13cb40c4fabab5c2165921,0x26a0708aa9b9b9e912b614fcc0b810b26f9d362a8d13cb40c4fabab5c2165921,1_16308190
1_0x059e5f7d95db0832473043448d31dd351a653eae6ab7513dda0c640a9c6a0ba0,0x059e5f7d95db0832473043448d31dd351a653eae6ab7513dda0c640a9c6a0ba0,1_16308190
1_0xcd4e40d2b7b34fa35d3fa62ff3d7cd869444cbcd9d343647005a064a12c71d45,0xcd4e40d2b7b34fa35d3fa62ff3d7cd869444cbcd9d343647005a064a12c71d45,1_16308190
1_0x57e7428b2d70c8a09348a6f0a89ee6b22748959170ca24d4fe6ac19ce3875e55,0x57e7428b2d70c8a09348a6f0a89ee6b22748959170ca24d4fe6ac19ce3875e55,1_16308190
1_0x8213c0fb9a00898b1693c9a942c6e477bfaae0b1c0bd47e883aa05b59bf081e1,0x8213c0fb9a00898b1693c9a942c6e477bfaae0b1c0bd47e883aa05b59bf081e1,1_16308190
1_0x8fb8def03510a08a2c9b1c922cc81d6733330ed934e735c23e5d1378396dc89b,0x8fb8def03510a08a2c9b1c922cc81d6733330ed934e735c23e5d1378396dc89b,1_16308190
1_0x44fa88959dde90f395ab5586fd8f59456dcc1dbbd97bca5997f42f6e428c0b3c,0x44fa88959dde90f395ab5586fd8f59456dcc1dbbd97bca5997f42f6e428c0b3c,1_16308190
1_0xebbddd8b83cafd0207e913bc14b58249d0ab7c75dd38fc90931f9e558ecfc6fa,0xebbddd8b83cafd0207e913bc14b58249d0ab7c75dd38fc90931f9e558ecfc6fa,1_16308190
1_0xfd0fce4fb18c26933f646004698a7f910ff5b91f3c92788e40bc36487aeac7af,0xfd0fce4fb18c26933f646004698a7f910ff5b91f3c92788e40bc36487aeac7af,1_16308190
1_0xf10ab789e1f86a09440e6e0b8c0db9505de37bf9464c55f30ead2248a2eea44d,0xf10ab789e1f86a09440e6e0b8c0db9505de37bf9464c55f30ead2248a2eea44d,1_16308190
1_0xc2b8b76dbf6932b7314b8deafa3dda2571e8d81cd89e661cea51cbd06c84ea24,0xc2b8b76dbf6932b7314b8deafa3dda2571e8d81cd89e661cea51cbd06c84ea24,1_16308190
1_0x71bd93ceb925242dfe6ff82b18e87ed54758ad974fb29c93bd1e76f613b55c91,0x71bd93ceb925242dfe6ff82b18e87ed54758ad974fb29c93bd1e76f613b55c91,1_16308190
1_0xb329f974205925aef1d84f760a4a8c9a532fd25570c87604595466ab37634e9f,0xb329f974205925aef1d84f760a4a8c9a532fd25570c87604595466ab37634e9f,1_16308190
1_0xbd1cc07fd023bd2bbbfb44a1a24439586f9a1d9ce3c0e6c9a14aa765af97c5d0,0xbd1cc07fd023bd2bbbfb44a1a24439586f9a1d9ce3c0e6c9a14aa765af97c5d0,1_16308190
1_0x9ecbffa9ac8c2101b27cc4083bc3239c3413c2920bda24dc647305802fce8e02,0x9ecbffa9ac8c2101b27cc4083bc3239c3413c2920bda24dc647305802fce8e02,1_16308190
1_0x95fe07e449277f5e47601baae1c8c1e05846bd57af9799c40b6cebea255067e4,0x95fe07e449277f5e47601baae1c8c1e05846bd57af9799c40b6cebea255067e4,1_16308190
1_0x2d5a6cedb53137df569975cce567e2535cc3aedba0ae534ac2d72d411f7ab252,0x2d5a6cedb53137df569975cce567e2535cc3aedba0ae534ac2d72d411f7ab252,1_16308190
1_0x37eb1b2d6dd3234a65c13db165efc664128d6b0d0ffd4d0727d1eee796f9a34b,0x37eb1b2d6dd3234a65c13db165efc664128d6b0d0ffd4d0727d1eee796f9a34b,1_16308190
1_0xc86d7949041dca4b87cd06a691bbefe3780a08045acaada42057daf3325ae512,0xc86d7949041dca4b87cd06a691bbefe3780a08045acaada42057daf3325ae512,1_16308190
1_0x65725f9c5e8de938d5f78836b30dcb5cdaa9988b32dcddedb7378e2a641aa358,0x65725f9c5e8de938d5f78836b30dcb5cdaa9988b32dcddedb7378e2a641aa358,1_16308190
1_0xfa23e4a761148a3329c9a979cc8c723b9449451e96325f5fed944be859ede8bc,0xfa23e4a761148a3329c9a979cc8c723b9449451e96325f5fed944be859ede8bc,1_16308190
1_0x093b271293b73ffa81ac72900ca34403b08a557e262a8c1b5fa7bed814ca6bb3,0x093b271293b73ffa81ac72900ca34403b08a557e262a8c1b5fa7bed814ca6bb3,1_16308190
1_0xc9115bac49eb5b6ed662af8eaea0532961ad79e887fd968505705aeff88fe024,0xc9115bac49eb5b6ed662af8eaea0532961ad79e887fd968505705aeff88fe024,1_16308190
1_0x8ec5169b005eb68e443fdab5a0d810d458fff63dd7ca00410da83e3865ef439c,0x8ec5169b005eb68e443fdab5a0d810d458fff63dd7ca00410da83e3865ef439c,1_16308190
1_0x587905a8d8c9b75054d3bd9addca81aafa656a3fc3cebfe75418bd4ea9c82b65,0x587905a8d8c9b75054d3bd9addca81aafa656a3fc3cebfe75418bd4ea9c82b65,1_16308190
1_0x04d4475194dbd866cfca8e5d4be0649da2edfec6a90ac3dc7ccd7308b0d1fb1b,0x04d4475194dbd866cfca8e5d4be0649da2edfec6a90ac3dc7ccd7308b0d1fb1b,1_16308190
1_0x997bf69468aba120149206840a268770180469f43a2af8afaa6ca844aa600d83,0x997bf69468aba120149206840a268770180469f43a2af8afaa6ca844aa600d83,1_16308190
1_0xa11b44b24a8da1cdd2831353712d6315dd9535511287a0f857e864dca8076a99,0xa11b44b24a8da1cdd2831353712d6315dd9535511287a0f857e864dca8076a99,1_16308190
1_0x70654b82eb87a0fa1c1a53224d105643de20eb0d74c4c2fa35f59ac092c44351,0x70654b82eb87a0fa1c1a53224d105643de20eb0d74c4c2fa35f59ac092c44351,1_16308190
1_0x5c2441d5a818bdb14eb84dff23d7a08d3e6caf53eddb00e7fd2dcc1ac277832f,0x5c2441d5a818bdb14eb84dff23d7a08d3e6caf53eddb00e7fd2dcc1ac277832f,1_16308190
1_0x1169daef68723eefed2a22b36af0864247c190441d603dd5be1e4bb4a898b02c,0x1169daef68723eefed2a22b36af0864247c190441d603dd5be1e4bb4a898b02c,1_16308190
1_0x68fb5e631674ce7ecff4ef7cae4be029f363312011af03a0c9363faea622d4d7,0x68fb5e631674ce7ecff4ef7cae4be029f363312011af03a0c9363faea622d4d7,1_16308190
1_0xc491b5552c212181a645962356e8321d3db505846d6b3d67969430a39929275c,0xc491b5552c212181a645962356e8321d3db505846d6b3d67969430a39929275c,1_16308190
1_0x763857848062ce3356df756bc334fc66b8f80915ee8a383d88c395615f9873f6,0x763857848062ce3356df756bc334fc66b8f80915ee8a383d88c395615f9873f6,1_16308190
1_0x119fae4d20b80aa9423eb738b4eb4ac0ce1d430c71cf732b7ba72b7498c4cb7f,0x119fae4d20b80aa9423eb738b4eb4ac0ce1d430c71cf732b7ba72b7498c4cb7f,1_16308190
1_0x155fd4919a33a9b41480ceed4a3a68eaa43b6608eb6c9657a63a97fecac396e7,0x155fd4919a33a9b41480ceed4a3a68eaa43b6608eb6c9657a63a97fecac396e7,1_16308191
1_0xbe2ac237061b744bd788485a10618c019c72c1ccb17356e8a1c52459499a8162,0xbe2ac237061b744bd788485a10618c019c72c1ccb17356e8a1c52459499a8162,1_16308191
1_0xc2a441f1cc431b25b6acac08a5112e3545afdfb969a5f118a890f9e852f51a02,0xc2a441f1cc431b25b6acac08a5112e3545afdfb969a5f118a890f9e852f51a02,1_16308191
1_0x054089e9ffbee0e32b3eca69850f9320d3ef91c79101dd68d6612884f30b17c8,0x054089e9ffbee0e32b3eca69850f9320d3ef91c79101dd68d6612884f30b17c8,1_16308191
1_0x8bed5bf916554d89466e2dc475245a3fbb96ac399ebfd6f5e6c7914429a5b0db,0x8bed5bf916554d89466e2dc475245a3fbb96ac399ebfd6f5e6c7914429a5b0db,1_16308191
1_0x18341f3f10673c24ee8d5dccd54bc6281d83eb3e3cb2cbdbd25f18cdc29f4b70,0x18341f3f10673c24ee8d5dccd54bc6281d83eb3e3cb2cbdbd25f18cdc29f4b70,1_16308191
1_0xb0e076fc526589f9a04be13790c013207a49e1f12af8a8e83818d0db624eee11,0xb0e076fc526589f9a04be13790c013207a49e1f12af8a8e83818d0db624eee11,1_16308191
1_0x705ea5ba6eb07c43039b8b47fb79bbc59280e28acd8a4540e8ac06b5cbe1bae4,0x705ea5ba6eb07c43039b8b47fb79bbc59280e28acd8a4540e8ac06b5cbe1bae4,1_16308191
1_0xa0c8d39452158526787a09e40af40697623a0f7b58cb96f081ebc08e1287e432,0xa0c8d39452158526787a09e40af40697623a0f7b58cb96f081ebc08e1287e432,1_16308191
1_0x8cbbea8b24929b9b4c40b65088a720438509ec24cda77cc7e27fb1c5cbf40de6,0x8cbbea8b24929b9b4c40b65088a720438509ec24cda77cc7e27fb1c5cbf40de6,1_16308191
1_0x2b7c18c41e358e32155270d602362e0d4026338eeb9723dd5267c2ca204130c3,0x2b7c18c41e358e32155270d602362e0d4026338eeb9723dd5267c2ca204130c3,1_16308191
1_0xac393a2e57f15617fb8f1304c7d6e17a00af8240d2a844e67282aa1f1bfd17c3,0xac393a2e57f15617fb8f1304c7d6e17a00af8240d2a844e67282aa1f1bfd17c3,1_16308191
1_0x7f52cf4bd17c90e6f7ce0dd2d932cdb2b5f356631da1321b2e8cb9bbbbe0a2cd,0x7f52cf4bd17c90e6f7ce0dd2d932cdb2b5f356631da1321b2e8cb9bbbbe0a2cd,1_16308191
1_0x276143e17d93b8d2539b9498c7634b12eaa5f159851f7866f6457d92c2187e2e,0x276143e17d93b8d2539b9498c7634b12eaa5f159851f7866f6457d92c2187e2e,1_16308191
1_0xa2578a894a9253f1e60e2e90233f4f250f492857036c2bbaec60bf4b919e222b,0xa2578a894a9253f1e60e2e90233f4f250f492857036c2bbaec60bf4b919e222b,1_16308191
1_0x4e3766ea07a2ffebf74b37df68f2b1c2354dceb4f68e80ea4cf5f73f23a36c89,0x4e3766ea07a2ffebf74b37df68f2b1c2354dceb4f68e80ea4cf5f73f23a36c89,1_16308191
1_0xf9765f8084caa2e962e9fa17b6b904226142f765be6a11aa8e06e6dc290e8692,0xf9765f8084caa2e962e9fa17b6b904226142f765be6a11aa8e06e6dc290e8692,1_16308191
1_0x92aadf89a110a356714bd302dbff26c3c4bb877cc5207b8b5729bf50df268ef1,0x92aadf89a110a356714bd302dbff26c3c4bb877cc5207b8b5729bf50df268ef1,1_16308191
1_0x51580cf4ece0e4a9fa8436c513e8ed81224d8fa5025fbe346b054ec01ecf9cc9,0x51580cf4ece0e4a9fa8436c513e8ed81224d8fa5025fbe346b054ec01ecf9cc9,1_16308191
1_0xacee5792d0492ac7db9fe5333abbe3950777a83de2e193944d024a29cb66ddd5,0xacee5792d0492ac7db9fe5333abbe3950777a83de2e193944d024a29cb66ddd5,1_16308191
1_0xd3e190651249d894f73f776a7f14801a4185cf5a2adfa312eb5b536c2ed71f23,0xd3e190651249d894f73f776a7f14801a4185cf5a2adfa312eb5b536c2ed71f23,1_16308191
1_0x2fb8389ad561da76efac513e646991e1f2efb6bd5c51380b3da30b1f533b000b,0x2fb8389ad561da76efac513e646991e1f2efb6bd5c51380b3da30b1f533b000b,1_16308191
1_0x0b315f78785086cbed4631cde1a02591759d5402a9d32810645d2b3feefa6b1d,0x0b315f78785086cbed4631cde1a02591759d5402a9d32810645d2b3feefa6b1d,1_16308191
1_0xb77ddd0203e06cbfb99fa0897151b492104aa7588e8443c1d712669dc6785477,0xb77ddd0203e06cbfb99fa0897151b492104aa7588e8443c1d712669dc6785477,1_16308191
1_0x43517e3faea984ef298a7975f1f922f2f7c53dc2323c680c8ccc009fb0da0cec,0x43517e3faea984ef298a7975f1f922f2f7c53dc2323c680c8ccc009fb0da0cec,1_16308191
1_0x42a84cbef4ee3820357a9a3a69be08e72eb2c8f588d94846306021e9338deb46,0x42a84cbef4ee3820357a9a3a69be08e72eb2c8f588d94846306021e9338deb46,1_16308191
1_0x781c9efcceb628772e3cb0762610545163bcbca11997ab26aaba664e552a0b68,0x781c9efcceb628772e3cb0762610545163bcbca11997ab26aaba664e552a0b68,1_16308191
1_0xb3905d601c1bcf0496b6df42ff9051686104345940d2612e0348ae1a88941fb7,0xb3905d601c1bcf0496b6df42ff9051686104345940d2612e0348ae1a88941fb7,1_16308191
1_0xeec73c80f877d56fd8b6daf840422325c7493faabade5ae738fb91785c47a0fe,0xeec73c80f877d56fd8b6daf840422325c7493faabade5ae738fb91785c47a0fe,1_16308191
1_0x28ac92bf0ffe8b664534186610fa1a13e434defc45eb7c8d6ee9b6aaf7db7b7d,0x28ac92bf0ffe8b664534186610fa1a13e434defc45eb7c8d6ee9b6aaf7db7b7d,1_16308191
1_0x8329081e5bb426e01f0799fd0347d4b926f1751df5cfcb8db4cde72e123e383a,0x8329081e5bb426e01f0799fd0347d4b926f1751df5cfcb8db4cde72e123e383a,1_16308191
1_0xa2215f8ad5d1301c84be7a25ee9d60af3a33d8fbabc4c1bbaf61741727a1d78e,0xa2215f8ad5d1301c84be7a25ee9d60af3a33d8fbabc4c1bbaf61741727a1d78e,1_16308191
1_0x20c58476ee5f9fdede8a4cf350394b302eb440e1a129b0a84075dae55b988ea5,0x20c58476ee5f9fdede8a4cf350394b302eb440e1a129b0a84075dae55b988ea5,1_16308191
1_0x985eec3ac2e4974c73dc56ff226be720d5e2535a570c1c80b595132365780611,0x985eec3ac2e4974c73dc56ff226be720d5e2535a570c1c80b595132365780611,1_16308191
1_0xe0511c930787aa1a6b921e0c0c804b220dfd893bafbdd3e9cafb083abe9418ed,0xe0511c930787aa1a6b921e0c0c804b220dfd893bafbdd3e9cafb083abe9418ed,1_16308191
1_0x7df5c2ef31d075aab8499d0bde36427ab9b89f0b7126c629d81e9aeefb42f005,0x7df5c2ef31d075aab8499d0bde36427ab9b89f0b7126c629d81e9aeefb42f005,1_16308191
1_0xd77644eae9c73d170f8a50712bbd3eeb2c18c7e43c5217e302a00acf4b814066,0xd77644eae9c73d170f8a50712bbd3eeb2c18c7e43c5217e302a00acf4b814066,1_16308191
1_0x1e064b92deec917dd7792f7dd920a4abecbae7fca95aede6fd3e541c5aec4593,0x1e064b92deec917dd7792f7dd920a4abecbae7fca95aede6fd3e541c5aec4593,1_16308191
1_0xcb8d04862e69a9e49558c3a0255fb0fc5f09521be4679a4fde3828ee595c4580,0xcb8d04862e69a9e49558c3a0255fb0fc5f09521be4679a4fde3828ee595c4580,1_16308191
1_0x0b0460b6fb6b1542968b33c53fc5f7295ee2835e256a02d8e43e2be03f26ec0a,0x0b0460b6fb6b1542968b33c53fc5f7295ee2835e256a02d8e43e2be03f26ec0a,1_16308191
1_0xe0cb17e6e5ffad9632b4fb604c52fb182eff7e7807c3697eb0769f51be457c3e,0xe0cb17e6e5ffad9632b4fb604c52fb182eff7e7807c3697eb0769f51be457c3e,1_16308191
1_0x1abf374fe7ff73058d62841358e9121ef53e82da29e85ec9a73facf24c4c41a8,0x1abf374fe7ff73058d62841358e9121ef53e82da29e85ec9a73facf24c4c41a8,1_16308191
1_0x391cd5bf604ce4b4e7fd1176786735db1df2fed937a2d07fb7ec273518acc62a,0x391cd5bf604ce4b4e7fd1176786735db1df2fed937a2d07fb7ec273518acc62a,1_16308191
1_0x91b96b4917339a1f7736506ddaf893d4bf9ad6878d0465f09fc98c894c439b58,0x91b96b4917339a1f7736506ddaf893d4bf9ad6878d0465f09fc98c894c439b58,1_16308191
1_0x6640254dec2dd0f43cdded31fca2f5b255867b699da5894d212eecf1b18fcb49,0x6640254dec2dd0f43cdded31fca2f5b255867b699da5894d212eecf1b18fcb49,1_16308191
1_0xa6c10141bc5682b337e9b06ac40f581675b60809259606c3352739dccacd6f06,0xa6c10141bc5682b337e9b06ac40f581675b60809259606c3352739dccacd6f06,1_16308191
1_0x5e9f6b37f52b15a5b8474a17f1db15f226a0f7abc4587800ce887b5714be501f,0x5e9f6b37f52b15a5b8474a17f1db15f226a0f7abc4587800ce887b5714be501f,1_16308191
1_0x304b1f9d101ddb500edc426855197ac15910d7b6cb1dd2104a157e12bd815e96,0x304b1f9d101ddb500edc426855197ac15910d7b6cb1dd2104a157e12bd815e96,1_16308191
1_0x541d5694396285d5f0dcd5b9f65b06c34b6ee8eadf760c36bc03787242ef7305,0x541d5694396285d5f0dcd5b9f65b06c34b6ee8eadf760c36bc03787242ef7305,1_16308191
1_0x6affe692473fca0cf158279aee26dd90a68ef5472f3d5bb96b7382713c361191,0x6affe692473fca0cf158279aee26dd90a68ef5472f3d5bb96b7382713c361191,1_16308191
1_0x97fe20ba3c146e7ae37135ee8878a07d1dda7767cdd624ab800f093a799fc053,0x97fe20ba3c146e7ae37135ee8878a07d1dda7767cdd624ab800f093a799fc053,1_16308191
1_0xe50410ba78d98a38f0f5b08c6e7149b5462bf7595fd2b9249d2b1722076fffb1,0xe50410ba78d98a38f0f5b08c6e7149b5462bf7595fd2b9249d2b1722076fffb1,1_16308191
1_0xfa2997caa0491a922220bed3641e7bcffbd4551e6e0d47d09281861cc986c6a8,0xfa2997caa0491a922220bed3641e7bcffbd4551e6e0d47d09281861cc986c6a8,1_16308191
1_0xa914df1e613a9f5e655c3a2b033a72c22162b9e6aeec1667f8c11654d864eff6,0xa914df1e613a9f5e655c3a2b033a72c22162b9e6aeec1667f8c11654d864eff6,1_16308191
1_0xdda537f797b18cd87340d2b0b779fb397de7d6b1bc18c8d8891f8b0aaaf525b8,0xdda537f797b18cd87340d2b0b779fb397de7d6b1bc18c8d8891f8b0aaaf525b8,1_16308191
1_0x1a8e40cdb4fccb8058dee3172354365ba0bd8b404442cf1b14b20fddfe51bb67,0x1a8e40cdb4fccb8058dee3172354365ba0bd8b404442cf1b14b20fddfe51bb67,1_16308191
1_0x9f18924b2c599fe27bbc450055b870f2cee035a972c7d47ebd769ce09368b51b,0x9f18924b2c599fe27bbc450055b870f2cee035a972c7d47ebd769ce09368b51b,1_16308191
1_0xa58778e242b2c2ff7db0e65e0415055174099d0dad0892802f7e93c03e6e5f29,0xa58778e242b2c2ff7db0e65e0415055174099d0dad0892802f7e93c03e6e5f29,1_16308191
1_0x755722e0f9b9b9e2186d7b63d530b4fbf62c7858836303c8816dcb266d51040b,0x755722e0f9b9b9e2186d7b63d530b4fbf62c7858836303c8816dcb266d51040b,1_16308191
1_0x1d490a00e0c7c93e4d5ea24b8b43eb5f9e6173a7966aa664ecd908181f19ad21,0x1d490a00e0c7c93e4d5ea24b8b43eb5f9e6173a7966aa664ecd908181f19ad21,1_16308191
1_0xa7f6761eaabe571adc81554bb2648301b59fd8865f922324845fdbb619a4fd7e,0xa7f6761eaabe571adc81554bb2648301b59fd8865f922324845fdbb619a4fd7e,1_16308191
1_0x9f2f86a6d805daf13282e0b91f24c6d35fb111b3394ea31cb02358197996e245,0x9f2f86a6d805daf13282e0b91f24c6d35fb111b3394ea31cb02358197996e245,1_16308191
1_0x1ed6a647b5ef1dfc4eee3a0e5d128d49897f6d948a001ba3fb00e9172030cc1f,0x1ed6a647b5ef1dfc4eee3a0e5d128d49897f6d948a001ba3fb00e9172030cc1f,1_16308191
1_0xf891900c87648b1bec718dbd5d500045d3b7e418c7af04403b3ce2cf7b29d616,0xf891900c87648b1bec718dbd5d500045d3b7e418c7af04403b3ce2cf7b29d616,1_16308191
1_0x65c8c3257a3ca58b007edcd3e988e0abb0730ba95f5c75b00e7b4347e00cfcf3,0x65c8c3257a3ca58b007edcd3e988e0abb0730ba95f5c75b00e7b4347e00cfcf3,1_16308191
1_0xc8e03c0c2c65510903c1b656e38389ef0d68360072f5c7070ae307d82a4c5fa0,0xc8e03c0c2c65510903c1b656e38389ef0d68360072f5c7070ae307d82a4c5fa0,1_16308191
1_0x17e8a417ae25cc5d73cc06e9089bbadf547e9605996d2f4209d7f9e46b6fe912,0x17e8a417ae25cc5d73cc06e9089bbadf547e9605996d2f4209d7f9e46b6fe912,1_16308191
1_0xc71695d6c422093218e90ee96a651d2b9f6618c7b88ab8e2a371c285090b527d,0xc71695d6c422093218e90ee96a651d2b9f6618c7b88ab8e2a371c285090b527d,1_16308191
1_0x86af8ccdd163bda47e25830e49f358349056690af578001a86b4e813dff62b52,0x86af8ccdd163bda47e25830e49f358349056690af578001a86b4e813dff62b52,1_16308191
1_0xd9d0798bc6da6d65c4900865553ec3936767b86a8378f2ba4e7f64236bde9bee,0xd9d0798bc6da6d65c4900865553ec3936767b86a8378f2ba4e7f64236bde9bee,1_16308191
1_0x00cb89b2217ed084be993bdc352d93ba43fd8d39bd55f5d0b473278cc8a7865a,0x00cb89b2217ed084be993bdc352d93ba43fd8d39bd55f5d0b473278cc8a7865a,1_16308191
1_0xf6fcefaa8363bf4430cd4909a1eb96ced5a766534fb8c20c2221d93c2d0b9824,0xf6fcefaa8363bf4430cd4909a1eb96ced5a766534fb8c20c2221d93c2d0b9824,1_16308191
1_0xdae68ff860d1b6e126670e2587ed7e6246a2b7f8d6f89c802b86aed39968c76c,0xdae68ff860d1b6e126670e2587ed7e6246a2b7f8d6f89c802b86aed39968c76c,1_16308191
1_0x4eb0ea082b851b5492f41cdba2c69e5b90437a6f104036f55ac0e6b668e5157d,0x4eb0ea082b851b5492f41cdba2c69e5b90437a6f104036f55ac0e6b668e5157d,1_16308191
1_0xd2fdfce58ae52f989f88b7dfbe543c1a0c56d52859cbf6d5d80b4e1201d66b1b,0xd2fdfce58ae52f989f88b7dfbe543c1a0c56d52859cbf6d5d80b4e1201d66b1b,1_16308191
1_0x92f0cb3c643a38dafb258bfe2b7664d66be29a0a39ff086fb2f51f9d6e3c3a45,0x92f0cb3c643a38dafb258bfe2b7664d66be29a0a39ff086fb2f51f9d6e3c3a45,1_16308191
1_0x524668d0ee259231c8223b1303eb826fc199427438fa74b6e09b6804d3518351,0x524668d0ee259231c8223b1303eb826fc199427438fa74b6e09b6804d3518351,1_16308191
1_0xc9d5f869fdc077c053315112200935d9fb761c5a0838dac5c02c9d8295e5d24b,0xc9d5f869fdc077c053315112200935d9fb761c5a0838dac5c02c9d8295e5d24b,1_16308191
1_0x0cb83cbfef17b4e72e7c067f5350ebdbfe9fdef104bb9bd6451529af8937b04a,0x0cb83cbfef17b4e72e7c067f5350ebdbfe9fdef104bb9bd6451529af8937b04a,1_16308191
1_0x357f68330ae12f06a9afddecd67a345ca81afc3eb642be34e604a18f081f9976,0x357f68330ae12f06a9afddecd67a345ca81afc3eb642be34e604a18f081f9976,1_16308191
1_0xd10eb9db9b2c6740462d673f7d79059ef24d3459e49f8a0dab5834bdf894bced,0xd10eb9db9b2c6740462d673f7d79059ef24d3459e49f8a0dab5834bdf894bced,1_16308191
1_0x0d1b089d1d030c68bdaa65809503ee66f28cdf31732d9cf60cc96360a8293994,0x0d1b089d1d030c68bdaa65809503ee66f28cdf31732d9cf60cc96360a8293994,1_16308191
1_0x7dd25ff0112efec2ce5e6f4f9afc381f8f22e7ce55c9a450f578d2a587ceb10a,0x7dd25ff0112efec2ce5e6f4f9afc381f8f22e7ce55c9a450f578d2a587ceb10a,1_16308191
1_0xc3625d172589179baab52a3977a5ee9b82f22b8ebb76627eb4d33f82b06d2912,0xc3625d172589179baab52a3977a5ee9b82f22b8ebb76627eb4d33f82b06d2912,1_16308191
1_0x8bb5eb80ad9d360bd97e9f3f703e31e02f40b1c331702d1365fbc1101c4a04d7,0x8bb5eb80ad9d360bd97e9f3f703e31e02f40b1c331702d1365fbc1101c4a04d7,1_16308191
1_0x39d7e78286c492c731dc4625ebdd791b3503edcc921e9b20b15b3e32b5eb0a9d,0x39d7e78286c492c731dc4625ebdd791b3503edcc921e9b20b15b3e32b5eb0a9d,1_16308191
1_0x1e5067ca16a258e2a6162f4bc64a2abd233a7bc20a646743fa823b0c6ae3b8fe,0x1e5067ca16a258e2a6162f4bc64a2abd233a7bc20a646743fa823b0c6ae3b8fe,1_16308191
1_0x9e828d90d01d5a07d8820fe985155e88085786cc11b0558b4c2bd312c7454b69,0x9e828d90d01d5a07d8820fe985155e88085786cc11b0558b4c2bd312c7454b69,1_16308191
1_0x16b04758fad76104562e784fbc52415870bc3cee78778468d6f31f14845ae927,0x16b04758fad76104562e784fbc52415870bc3cee78778468d6f31f14845ae927,1_16308191
1_0x044eb1287047a8f279e66511dd86db0fc0ab5dd1ef2d9c3044d3d86a6d68c316,0x044eb1287047a8f279e66511dd86db0fc0ab5dd1ef2d9c3044d3d86a6d68c316,1_16308191
1_0x6b603cc44454f65efda000cf70631e28726617384300794c87c4808f8e19015e,0x6b603cc44454f65efda000cf70631e28726617384300794c87c4808f8e19015e,1_16308191
1_0x21527af89c0898ee0f1718963d10f41fd3f633daeaf16915101b3f10445ac494,0x21527af89c0898ee0f1718963d10f41fd3f633daeaf16915101b3f10445ac494,1_16308191
1_0x3adf6f6eb934bdd777e7ca20da6d84edbe1df8c21a451836fa4244ca1f13ae80,0x3adf6f6eb934bdd777e7ca20da6d84edbe1df8c21a451836fa4244ca1f13ae80,1_16308191
1_0xa625ef3832c866b5af0241adc434775c9aa45cd0093888e6cae93d992636981e,0xa625ef3832c866b5af0241adc434775c9aa45cd0093888e6cae93d992636981e,1_16308191
1_0x068c6f6d46362fce9197eb327b8fd3dba28743a971669973e1bae533973bd8dc,0x068c6f6d46362fce9197eb327b8fd3dba28743a971669973e1bae533973bd8dc,1_16308191
1_0x1b31d238a5aab3fb8c863d55dae24d86fe3c8f17074e239bb7c7a8008d370ce1,0x1b31d238a5aab3fb8c863d55dae24d86fe3c8f17074e239bb7c7a8008d370ce1,1_16308191
1_0xea8b8e3d5737506e2441374e4d6af75adfc18492f8a32654b0e4e78588a71180,0xea8b8e3d5737506e2441374e4d6af75adfc18492f8a32654b0e4e78588a71180,1_16308191
1_0x5236f5e3f17c1b0be6b0693edc22cddb7fbd4020e0df2fd7f59dfdd2f63c19c5,0x5236f5e3f17c1b0be6b0693edc22cddb7fbd4020e0df2fd7f59dfdd2f63c19c5,1_16308191
1_0x283ab7a83ef82ddd0c93d4554cd11774c181eaa8356dd3fd31a45085b59723ac,0x283ab7a83ef82ddd0c93d4554cd11774c181eaa8356dd3fd31a45085b59723ac,1_16308191
1_0x91f8738b0e64688f3ef61fc266a0425409fe186e14863756f1a1813cca185d8e,0x91f8738b0e64688f3ef61fc266a0425409fe186e14863756f1a1813cca185d8e,1_16308191
1_0xd4d9207739a8e9b4c18601aac6093c9ddcc99fdeb55e090750f28593538baa53,0xd4d9207739a8e9b4c18601aac6093c9ddcc99fdeb55e090750f28593538baa53,1_16308191
1_0x54f27c93913734dcfda4c3f7e63abd025e343fd6effe5e5de592b4d20ebd84bd,0x54f27c93913734dcfda4c3f7e63abd025e343fd6effe5e5de592b4d20ebd84bd,1_16308191
1_0x64966ca01af3ae8b6baef26cb9864bc3abbf5c892aec77ec2c9d54298a4ec328,0x64966ca01af3ae8b6baef26cb9864bc3abbf5c892aec77ec2c9d54298a4ec328,1_16308191
1_0x8e983c20798f9f7d8a5ee0ee10bb9c6fb1811be67f4e319e4549766b919b40a1,0x8e983c20798f9f7d8a5ee0ee10bb9c6fb1811be67f4e319e4549766b919b40a1,1_16308191
1_0xb1836231be8f4c7bfc09a1d4b690735490ea19a649242d09c72914c29bdd6399,0xb1836231be8f4c7bfc09a1d4b690735490ea19a649242d09c72914c29bdd6399,1_16308191
1_0x76a0a6c7721df64660957211e2225688c4672205f886bd53defec96258805aa3,0x76a0a6c7721df64660957211e2225688c4672205f886bd53defec96258805aa3,1_16308191
1_0x3855ef3241c8f353b4a0a8656ad4d70803da7e75aafc42057a7cce3ca64c2dd8,0x3855ef3241c8f353b4a0a8656ad4d70803da7e75aafc42057a7cce3ca64c2dd8,1_16308191
1_0xaf391ebe9fa10e1531125b90bb7f35e9c6d56a93948b6a43fccbbd1bd806ee2a,0xaf391ebe9fa10e1531125b90bb7f35e9c6d56a93948b6a43fccbbd1bd806ee2a,1_16308191
1_0x75fc25a1d4ac835bb8544a42c7b6433b260e1e25b0e7b08892d9861d9183d4d3,0x75fc25a1d4ac835bb8544a42c7b6433b260e1e25b0e7b08892d9861d9183d4d3,1_16308191
1_0xa93c5bc17932679e985aa7a189a24bac308f921a44657bdcba010266791ffcfb,0xa93c5bc17932679e985aa7a189a24bac308f921a44657bdcba010266791ffcfb,1_16308191
1_0x0987405ad3fe844af124413d8a7413d3bbe805e1979bf060425a8372c92e3000,0x0987405ad3fe844af124413d8a7413d3bbe805e1979bf060425a8372c92e3000,1_16308191
1_0x145e9b602e04a75c501cf41bfe2c93fa65d6228a1cf7dca3c54cb1a5348579b7,0x145e9b602e04a75c501cf41bfe2c93fa65d6228a1cf7dca3c54cb1a5348579b7,1_16308191
1_0x862135c32a3c7e73e511fb0631e0b3801718656f1bc3cd5c06d40305722cd247,0x862135c32a3c7e73e511fb0631e0b3801718656f1bc3cd5c06d40305722cd247,1_16308191
1_0xc65521a29ff7aeeea6baf65126331be6ee975cb6ee5aa02310b108667b637ad2,0xc65521a29ff7aeeea6baf65126331be6ee975cb6ee5aa02310b108667b637ad2,1_16308191
1_0x594b9f5197f1e96f39d01ffc2caee24d74950523fa77b8954fbca89c7f090d06,0x594b9f5197f1e96f39d01ffc2caee24d74950523fa77b8954fbca89c7f090d06,1_16308191
1_0xcd87681cb090404db373ca28effb7205d4641f9c752825a3654a6acf746ca9b7,0xcd87681cb090404db373ca28effb7205d4641f9c752825a3654a6acf746ca9b7,1_16308191
1_0x3f690b966a0cf4bc245d97da5c076ba41e855ffd3581a611e6c51d34e7625af8,0x3f690b966a0cf4bc245d97da5c076ba41e855ffd3581a611e6c51d34e7625af8,1_16308191
1_0x0878ed6b73e48ebbb82536e7e04df058d16456ea9f66ccce49e1b2455210b14c,0x0878ed6b73e48ebbb82536e7e04df058d16456ea9f66ccce49e1b2455210b14c,1_16308191
1_0xdb2481e2a7e94f784f9bbdc87831fe231a9bbe3dfcf564c00167d33e93ee8418,0xdb2481e2a7e94f784f9bbdc87831fe231a9bbe3dfcf564c00167d33e93ee8418,1_16308191
1_0x7f2d6388cba30d763a143d2759466993fa4baca1164c634f9a1e9b6ec64faa86,0x7f2d6388cba30d763a143d2759466993fa4baca1164c634f9a1e9b6ec64faa86,1_16308191
1_0x544736aa46a18ff254b0dab0dd7eeb4627b2a41f511b1be03dc67a4ddc1ab311,0x544736aa46a18ff254b0dab0dd7eeb4627b2a41f511b1be03dc67a4ddc1ab311,1_16308191
1_0x8070a25d0db4173d033950b9e559fe333e5cd475a7b76d12b57f4d9666b05033,0x8070a25d0db4173d033950b9e559fe333e5cd475a7b76d12b57f4d9666b05033,1_16308191
1_0x37e1b6126fcf7ead602d960a34208113901d901a21e3a29119af78d69bc863be,0x37e1b6126fcf7ead602d960a34208113901d901a21e3a29119af78d69bc863be,1_16308191
1_0xa38cdd713e8997132943bb1ec5cff3ddb0e424a6e021acebe108d877d0ee25ac,0xa38cdd713e8997132943bb1ec5cff3ddb0e424a6e021acebe108d877d0ee25ac,1_16308191
1_0xcf8485b48cbaea5b951b7a3b09fbbadbd6a1f4b68b9d965664ec08fa6ced6838,0xcf8485b48cbaea5b951b7a3b09fbbadbd6a1f4b68b9d965664ec08fa6ced6838,1_16308191
1_0x46f73f1d272f9d114ce34807583e1ac01ea5efe270cd6c91083713ffb760e290,0x46f73f1d272f9d114ce34807583e1ac01ea5efe270cd6c91083713ffb760e290,1_16308191
1_0x4fb7890db7116f5e814ddf234684e9ec28af79250d1f82a7bbb6f049d8150040,0x4fb7890db7116f5e814ddf234684e9ec28af79250d1f82a7bbb6f049d8150040,1_16308191
1_0x4ad772f1ade016fbcd4a2476325cf033ee3b98d3138687af3032268c35a1e321,0x4ad772f1ade016fbcd4a2476325cf033ee3b98d3138687af3032268c35a1e321,1_16308191
1_0x25b36fc6f1c3bf3c3c38991055cfdcec59c77c78a0a3cf823180beb269cc18d8,0x25b36fc6f1c3bf3c3c38991055cfdcec59c77c78a0a3cf823180beb269cc18d8,1_16308191
1_0x43e21ea7815c95926862d5a9ac4e18c9230946a54d2ad8ae806174018fabdca5,0x43e21ea7815c95926862d5a9ac4e18c9230946a54d2ad8ae806174018fabdca5,1_16308191
1_0x1a85b2d6596fa555e6cc0b5000b853c1c9c3ebe727f6dffaef6c36a40c07beb6,0x1a85b2d6596fa555e6cc0b5000b853c1c9c3ebe727f6dffaef6c36a40c07beb6,1_16308191
1_0x98ae896a76bfdaf05a3f7f55bcf951ad6bbc225f2a2b164a44bf244de6a0a205,0x98ae896a76bfdaf05a3f7f55bcf951ad6bbc225f2a2b164a44bf244de6a0a205,1_16308191
1_0x7500bba52eb5053822293190106d6d95ce17bcdd70803d59636dabf619e8c4c6,0x7500bba52eb5053822293190106d6d95ce17bcdd70803d59636dabf619e8c4c6,1_16308191
1_0x5c2c305baf7e0925c63027ed641aaf9924675a4e9782a55704a68903e4b1afdb,0x5c2c305baf7e0925c63027ed641aaf9924675a4e9782a55704a68903e4b1afdb,1_16308191
1_0x140d76f7fb06dbca0f0e2d434a8191d412ffa39bb6dc1292f5410b795a772ea5,0x140d76f7fb06dbca0f0e2d434a8191d412ffa39bb6dc1292f5410b795a772ea5,1_16308191
1_0xc1fa247b22921b9319fdad10a5fd4fb8b006dca2ab23e1d4f78adba15bbfa67d,0xc1fa247b22921b9319fdad10a5fd4fb8b006dca2ab23e1d4f78adba15bbfa67d,1_16308191
1_0x0a14790d457d709b71f3328aa09b540e90e868c06d5fd581c95544771f016204,0x0a14790d457d709b71f3328aa09b540e90e868c06d5fd581c95544771f016204,1_16308191
1_0x2280ea87fbd2f0c842506a6c90a05a20e60726bea31324a4efb40e9e77d17eaa,0x2280ea87fbd2f0c842506a6c90a05a20e60726bea31324a4efb40e9e77d17eaa,1_16308191
1_0x5d4e3c8fb1a9abb92e82cc9175d0c6f3f17a00fd7e6a474767dec2cf8a2a344b,0x5d4e3c8fb1a9abb92e82cc9175d0c6f3f17a00fd7e6a474767dec2cf8a2a344b,1_16308191
1_0xda5d33267c58f50d1f26340cbe6c77631187bf20aaded8771ae30a4c9e37b538,0xda5d33267c58f50d1f26340cbe6c77631187bf20aaded8771ae30a4c9e37b538,1_16308191
1_0x4811e0caf7e76f951d3c717f9d86f7c9583dc93b45653caaeecad0e8e01a9f60,0x4811e0caf7e76f951d3c717f9d86f7c9583dc93b45653caaeecad0e8e01a9f60,1_16308191
1_0x015b95a983e23bece88c164c52b0cd95ee3e376e157e08db748b8fb83f5e49cb,0x015b95a983e23bece88c164c52b0cd95ee3e376e157e08db748b8fb83f5e49cb,1_16308191
1_0xe09d5abd1b548ac6609a5cdcdcfe08cc6c7c7ecc0bac68dec075bb63b36e9b80,0xe09d5abd1b548ac6609a5cdcdcfe08cc6c7c7ecc0bac68dec075bb63b36e9b80,1_16308191
1_0x18de265c781442554897fae01d394b5f4609e04856ee2f6186a2e5d78cfc4d7c,0x18de265c781442554897fae01d394b5f4609e04856ee2f6186a2e5d78cfc4d7c,1_16308191
1_0xbd763c9ce1760cd0e899b60280580443ed1f9ed9c51ee049e2818fb347ad2c1d,0xbd763c9ce1760cd0e899b60280580443ed1f9ed9c51ee049e2818fb347ad2c1d,1_16308191
1_0x78a575dd0f590d4b65afc6c625ab1d7e23636b360eb97e90e76ee57127a90464,0x78a575dd0f590d4b65afc6c625ab1d7e23636b360eb97e90e76ee57127a90464,1_16308191
1_0xc337ce711e027b3aac7fc670d76f212c56d8a124c5af3dbf8208e3d593dec5d1,0xc337ce711e027b3aac7fc670d76f212c56d8a124c5af3dbf8208e3d593dec5d1,1_16308191
1_0x51f0b6670a43341f82a48f2d9b87113e5039571fb66298a51b79ab2d46efd99b,0x51f0b6670a43341f82a48f2d9b87113e5039571fb66298a51b79ab2d46efd99b,1_16308191
1_0x7cac9049b84757190a90173e0241769b365156514e3d284e39431a1e553be256,0x7cac9049b84757190a90173e0241769b365156514e3d284e39431a1e553be256,1_16308191
1_0xbacb9f2ec384b400758c99aa8fd03dc36992b7eb7f1cb4c8024457c835627e8a,0xbacb9f2ec384b400758c99aa8fd03dc36992b7eb7f1cb4c8024457c835627e8a,1_16308191
1_0xa20cf7e5448e07909a6c4f64422bc298f40f8319e9b7952a10b62d41e613c564,0xa20cf7e5448e07909a6c4f64422bc298f40f8319e9b7952a10b62d41e613c564,1_16308191
1_0x1ed6aa202fba77eac13a315e0e3c85528db082ed66100827178155d54780d344,0x1ed6aa202fba77eac13a315e0e3c85528db082ed66100827178155d54780d344,1_16308191
1_0x96a33c5153ec6e62c66d0a93db0af9948a5e55a3edd1c3faf962e35817364576,0x96a33c5153ec6e62c66d0a93db0af9948a5e55a3edd1c3faf962e35817364576,1_16308191
1_0x9fd848be4c58e3218dedeba820c60c13d55cd66400fc5d0aa96d0ba871203114,0x9fd848be4c58e3218dedeba820c60c13d55cd66400fc5d0aa96d0ba871203114,1_16308191
1_0x7a3bc5aaed7dcb1f91e951df21f39f4046de237ae62c8f9f78a0f2b0fcc6593c,0x7a3bc5aaed7dcb1f91e951df21f39f4046de237ae62c8f9f78a0f2b0fcc6593c,1_16308191
1_0x616a6e0713809c356fc0224e9115323975befe174291c22e313fa3ab7a040925,0x616a6e0713809c356fc0224e9115323975befe174291c22e313fa3ab7a040925,1_16308191
1_0x2432cb839123afbe29c9fcf8dff75e0e4f7d7774b449bc1f3004e5d6bc149c6d,0x2432cb839123afbe29c9fcf8dff75e0e4f7d7774b449bc1f3004e5d6bc149c6d,1_16308191
1_0x7e7b8d9a38341043d1e07652cd47547fee61d1969e69178f12c60cde922d5954,0x7e7b8d9a38341043d1e07652cd47547fee61d1969e69178f12c60cde922d5954,1_16308191
1_0xbd2d157009af6601c1c7304ee86c04f9df9a91ab9a7a279181f7e7c50bf570b6,0xbd2d157009af6601c1c7304ee86c04f9df9a91ab9a7a279181f7e7c50bf570b6,1_16308191
1_0x3aeb59bbe1ce0c54476fd7c9ffd071357616e26707abe26aa1b50c9331a5d861,0x3aeb59bbe1ce0c54476fd7c9ffd071357616e26707abe26aa1b50c9331a5d861,1_16308191
1_0xcacfc39699c18ede5ae3471d5574a5512d3846611265da8115f8bb412181e5b0,0xcacfc39699c18ede5ae3471d5574a5512d3846611265da8115f8bb412181e5b0,1_16308191
1_0xaf5a9fe94fa1dacb4e55a148ababc5d143c346cac1693c14033dac47b6916062,0xaf5a9fe94fa1dacb4e55a148ababc5d143c346cac1693c14033dac47b6916062,1_16308191
1_0x1ea5cd1940725292229aba156876d4bd28094a7e13aa5c411cbef401a9457014,0x1ea5cd1940725292229aba156876d4bd28094a7e13aa5c411cbef401a9457014,1_16308191
1_0xcb905d14db3b8e197878dfb1acbb0fdb8e5bf575b7f51a75184a8dd2718dda59,0xcb905d14db3b8e197878dfb1acbb0fdb8e5bf575b7f51a75184a8dd2718dda59,1_16308191
1_0x867ad44c4a512d2e1cc3256c5f07cf10175ea6cec8e55dfa8cad870af6d27a57,0x867ad44c4a512d2e1cc3256c5f07cf10175ea6cec8e55dfa8cad870af6d27a57,1_16308191
1_0x8fd02f8950c131a35c196cfe4fd4ac237443440c561a52649e2bc050afd084f3,0x8fd02f8950c131a35c196cfe4fd4ac237443440c561a52649e2bc050afd084f3,1_16308191
1_0xe0ea21685f247d6fef732582885727da7a32a116824a4f626c8a4573ecd32708,0xe0ea21685f247d6fef732582885727da7a32a116824a4f626c8a4573ecd32708,1_16308191
1_0x7a3c2785e470c049b9ab6a12f3c6cb0686e1865aeb136fc861d18f305daa63be,0x7a3c2785e470c049b9ab6a12f3c6cb0686e1865aeb136fc861d18f305daa63be,1_16308191
1_0xa29495a00aea3ef068e2b72a8c7d6864689d7db92de9965f50f0c6f50265bb3d,0xa29495a00aea3ef068e2b72a8c7d6864689d7db92de9965f50f0c6f50265bb3d,1_16308191
1_0xa9e680e38dda16894f82a2eb6c21a6cd651d17ee9046394e32823fd1fe606eb6,0xa9e680e38dda16894f82a2eb6c21a6cd651d17ee9046394e32823fd1fe606eb6,1_16308191
1_0x39b26329f0bfbdba61426d024449d07ddee7c4c232a1236f879044fc5b6846b2,0x39b26329f0bfbdba61426d024449d07ddee7c4c232a1236f879044fc5b6846b2,1_16308191
1_0x70fc29392187ea860f449c5d96f2d8271cba45d0c54eda1619e13b877eaf3ba0,0x70fc29392187ea860f449c5d96f2d8271cba45d0c54eda1619e13b877eaf3ba0,1_16308191
1_0xbbefa79df1aaa7f98514a3bc5b7a3d2cea69c98e490daf9d24edfa30398c940c,0xbbefa79df1aaa7f98514a3bc5b7a3d2cea69c98e490daf9d24edfa30398c940c,1_16308191
1_0x76e7b258b18c3db2e8d189d0c8f59bb6dcfd646aec2baf762e5a47eb98fd2462,0x76e7b258b18c3db2e8d189d0c8f59bb6dcfd646aec2baf762e5a47eb98fd2462,1_16308191
1_0x0b5b38cac1f696ac658579d88f9919ab00930ab67dffdc38e2c8a39f0511c6bf,0x0b5b38cac1f696ac658579d88f9919ab00930ab67dffdc38e2c8a39f0511c6bf,1_16308191
1_0xa77818de1d02bc2a3be90a2549d1b7144f9b25fd6021f2188a05202be45ac264,0xa77818de1d02bc2a3be90a2549d1b7144f9b25fd6021f2188a05202be45ac264,1_16308191
1_0x47e839eb0d7d4cd57c5203d4d11da5d7fc612b91e713728e653cefda56a8d6b2,0x47e839eb0d7d4cd57c5203d4d11da5d7fc612b91e713728e653cefda56a8d6b2,1_16308191
1_0x63cda56bb3789e1ce9865f7c2ab7e00e69344458d10fa1112f0168b25870a49e,0x63cda56bb3789e1ce9865f7c2ab7e00e69344458d10fa1112f0168b25870a49e,1_16308191
1_0xb5ec9ee831871c2a48fe3262f04c1c1d06fbd62ed13d7b5c3a94dbe74081641b,0xb5ec9ee831871c2a48fe3262f04c1c1d06fbd62ed13d7b5c3a94dbe74081641b,1_16308191
1_0x5e588084706f5b8f94198d59dd0bff636d8dfb88837cd6fae8d71eb6ef3d1264,0x5e588084706f5b8f94198d59dd0bff636d8dfb88837cd6fae8d71eb6ef3d1264,1_16308191
1_0xf07be838f89cb8cec831ee1aa0b13363ac82fbb891159e5a6836d592dc4e9b52,0xf07be838f89cb8cec831ee1aa0b13363ac82fbb891159e5a6836d592dc4e9b52,1_16308191
1_0x8b7fcc8b35639b174541ac8222b41427ce8f2b4fb3bb368ec416bf107816e09e,0x8b7fcc8b35639b174541ac8222b41427ce8f2b4fb3bb368ec416bf107816e09e,1_16308191
1_0xc0493ab0909a0c252cf078e97c53578435a0480ab096b89773ad7cbab0dc6dc1,0xc0493ab0909a0c252cf078e97c53578435a0480ab096b89773ad7cbab0dc6dc1,1_16308191
1_0xdac92f65d5ccb6de1715bee727853161e8b756c83bc94116f172acd9e1ab7c76,0xdac92f65d5ccb6de1715bee727853161e8b756c83bc94116f172acd9e1ab7c76,1_16308191
1_0x19682e2f1b910b5a8f452929b0885617d952bcb9b320ae53780642cbc48bb668,0x19682e2f1b910b5a8f452929b0885617d952bcb9b320ae53780642cbc48bb668,1_16308191
1_0xbbb0a30f19bef10ef69a75768d35be535462cd501cb171e46e6e58ae85f74499,0xbbb0a30f19bef10ef69a75768d35be535462cd501cb171e46e6e58ae85f74499,1_16308191
1_0x84512e0663b1cef06cea8117ab37f8a573582d20580abc4854470ba53d1588e6,0x84512e0663b1cef06cea8117ab37f8a573582d20580abc4854470ba53d1588e6,1_16308191
1_0x13ecd42bd2f152cbd77b476728033adcc15ce7f3a9050c912424b91c70729268,0x13ecd42bd2f152cbd77b476728033adcc15ce7f3a9050c912424b91c70729268,1_16308191
1_0x46b6619707221e2e58d7f15a80264c7a1671b4efbac67fffde803642c20344ef,0x46b6619707221e2e58d7f15a80264c7a1671b4efbac67fffde803642c20344ef,1_16308191
1_0xf8e4ed3beef9b3ff138d3d5bd6d10f8d883675c19bfe6cc81eb7b770db704909,0xf8e4ed3beef9b3ff138d3d5bd6d10f8d883675c19bfe6cc81eb7b770db704909,1_16308191
1_0x5a1fbadc746741570e4452fb426e19688afad5f469fd1abc4deb80b94be928c0,0x5a1fbadc746741570e4452fb426e19688afad5f469fd1abc4deb80b94be928c0,1_16308191
1_0x81c88370e7e424c8f8cc9c3923335c3105b2d5d1322617197e905fd453032654,0x81c88370e7e424c8f8cc9c3923335c3105b2d5d1322617197e905fd453032654,1_16308191
1_0xaeec2e321b55197d6532ed9f87d0ea24c434323242dd90035df79d1b0ea3502d,0xaeec2e321b55197d6532ed9f87d0ea24c434323242dd90035df79d1b0ea3502d,1_16308191
1_0x27f0ddce09e36476243a20d1b8e35189d44868abd1ac71b1ce3c9225bdff7fd2,0x27f0ddce09e36476243a20d1b8e35189d44868abd1ac71b1ce3c9225bdff7fd2,1_16308191
1_0x39d39aefc8be3a1de6cbb9bbcf5caa0302e39b4a4e37784d3d1d2245e7b6e211,0x39d39aefc8be3a1de6cbb9bbcf5caa0302e39b4a4e37784d3d1d2245e7b6e211,1_16308191
1_0xb40baca56ffa74c96831455c57522e53b06496a1dd19db70ed16d8c7857ba595,0xb40baca56ffa74c96831455c57522e53b06496a1dd19db70ed16d8c7857ba595,1_16308191
1_0x31f2c172310a372bbc4f2b78968dfeb898ab26c50067e08b39b276bbe26cb6d8,0x31f2c172310a372bbc4f2b78968dfeb898ab26c50067e08b39b276bbe26cb6d8,1_16308191
1_0x9370ed9b50de3e0a8fabd511f2f312bbc7dcb12914256520930230b337ca4062,0x9370ed9b50de3e0a8fabd511f2f312bbc7dcb12914256520930230b337ca4062,1_16308191
1_0x80de52eae5609192858446680d6929dc4b2fac861529c89eda554b965aa86236,0x80de52eae5609192858446680d6929dc4b2fac861529c89eda554b965aa86236,1_16308191
1_0xc4dedb48c3d640c09e9729e39c53faa06516befa38a7eba99f2b2d53cf98552f,0xc4dedb48c3d640c09e9729e39c53faa06516befa38a7eba99f2b2d53cf98552f,1_16308191
1_0x4d1ea924bf2971427ae707fe83949eb64c452b173c31d6a7245e2fa5666e80fd,0x4d1ea924bf2971427ae707fe83949eb64c452b173c31d6a7245e2fa5666e80fd,1_16308191
1_0x05f105967f014a3b0ee82b8744417af5bc4903b197f324218443874dbc96b55b,0x05f105967f014a3b0ee82b8744417af5bc4903b197f324218443874dbc96b55b,1_16308191
1_0xfc1dbf40b25b8f998a5908f8c3129d19e9aedc40cc7f634903ce0921fbc2ea25,0xfc1dbf40b25b8f998a5908f8c3129d19e9aedc40cc7f634903ce0921fbc2ea25,1_16308191
1_0x07421c8e2c070ed63c2213d6de06577cbc6dbc02f5270e461b860c6daf0f2c98,0x07421c8e2c070ed63c2213d6de06577cbc6dbc02f5270e461b860c6daf0f2c98,1_16308191
1_0x2a1c7b15a9d76d527c3cfd20d00a3e5491ee9b941801fe07760a5238bf5651f7,0x2a1c7b15a9d76d527c3cfd20d00a3e5491ee9b941801fe07760a5238bf5651f7,1_16308191
1_0x7a04d53246e1d23094b3a0de3780a21c784f6316a12e9a207b5b8e2541ab2740,0x7a04d53246e1d23094b3a0de3780a21c784f6316a12e9a207b5b8e2541ab2740,1_16308191
1_0x8ad920975b569abed082d907ff495691ad7fb7050cae390686006f92781cb054,0x8ad920975b569abed082d907ff495691ad7fb7050cae390686006f92781cb054,1_16308191
1_0xb46707fcb3e324d149c50e207707dfefbaf79a46e3a62b1997c573287f6bf555,0xb46707fcb3e324d149c50e207707dfefbaf79a46e3a62b1997c573287f6bf555,1_16308191
1_0xb25f2fd23266f030888cb7de228b9aecdd8e88191bf6db6848462cfe36ed9415,0xb25f2fd23266f030888cb7de228b9aecdd8e88191bf6db6848462cfe36ed9415,1_16308191
1_0x9d2cf9e61c8201431860af40e44918445819dabd6c65ea28487edae5001cb589,0x9d2cf9e61c8201431860af40e44918445819dabd6c65ea28487edae5001cb589,1_16308191
1_0xd7302d6beac358e1909cd8a149352664f10da2fdd23604cc6be5c4e968ae7d9f,0xd7302d6beac358e1909cd8a149352664f10da2fdd23604cc6be5c4e968ae7d9f,1_16308191
1_0xe8168961c05e289763a0521bcee0cc63516f059679862c881a36dc5a14b45229,0xe8168961c05e289763a0521bcee0cc63516f059679862c881a36dc5a14b45229,1_16308191
1_0x152cbed319d92564fb91e3d72b16d0d7f1dba086f325d9a1fa37575be989f244,0x152cbed319d92564fb91e3d72b16d0d7f1dba086f325d9a1fa37575be989f244,1_16308191
1_0xdba321e41b9a70db4840e966580f36d567198ed6f269529ac4c2a84486a066bc,0xdba321e41b9a70db4840e966580f36d567198ed6f269529ac4c2a84486a066bc,1_16308191
1_0x020c4568a9f44b1bdf44fde30f43198106c77bdb31019e2ef8f9193212ed18d0,0x020c4568a9f44b1bdf44fde30f43198106c77bdb31019e2ef8f9193212ed18d0,1_16308191
1_0x45b302466b037715267878ceeeafdb8abebf04a180d9f2f889b234bd8c26e974,0x45b302466b037715267878ceeeafdb8abebf04a180d9f2f889b234bd8c26e974,1_16308191
1_0xe6d131d96596adc125e584d7b4bb0277684dac3549f3da3a0c4b24397aa36154,0xe6d131d96596adc125e584d7b4bb0277684dac3549f3da3a0c4b24397aa36154,1_16308191
1_0x36969ed8206994097914a02ab4f7baec867e7d4a3eecbfdabdc9003f651c49b1,0x36969ed8206994097914a02ab4f7baec867e7d4a3eecbfdabdc9003f651c49b1,1_16308191
1_0x10545f3da8e6ed9c36c32571f1d1cd60980d99e3302576c3c218bf8dd9552cce,0x10545f3da8e6ed9c36c32571f1d1cd60980d99e3302576c3c218bf8dd9552cce,1_16308191
1_0xe4eae010380603431fe9ad382bcc9da94d21b0baf29d9f1ca0d8ec3bfd734a4b,0xe4eae010380603431fe9ad382bcc9da94d21b0baf29d9f1ca0d8ec3bfd734a4b,1_16308191
1_0xfbefd9b338d37e6e2d4310e97a4300eb893d437c2e7d44bbd4566822e5356e6e,0xfbefd9b338d37e6e2d4310e97a4300eb893d437c2e7d44bbd4566822e5356e6e,1_16308191
1_0x8a7f4d47559b8bcf23fb14de463a849d9772033ae92819988bd089674cb28600,0x8a7f4d47559b8bcf23fb14de463a849d9772033ae92819988bd089674cb28600,1_16308191
1_0xf63b17aa664585452cb69db363d41ae183c35432d2954d9d24f15abc95736a56,0xf63b17aa664585452cb69db363d41ae183c35432d2954d9d24f15abc95736a56,1_16308191
1_0x01d3f8ec1176601889894156622120f23b67175b5909c1488a45c4ebc06abdae,0x01d3f8ec1176601889894156622120f23b67175b5909c1488a45c4ebc06abdae,1_16308191
1_0x56ca06f3d85a854418ab7ef79d57a9a2f210bb320d2ce19a56026f18790e2399,0x56ca06f3d85a854418ab7ef79d57a9a2f210bb320d2ce19a56026f18790e2399,1_16308191
1_0xf28e7552955e13853d5e149a2f2014e8dec3666cb248ee92eefdf3bc93e73e79,0xf28e7552955e13853d5e149a2f2014e8dec3666cb248ee92eefdf3bc93e73e79,1_16308191
1_0x588b1ea79cb897e30f033757b2486961185b173494d22c189caecc9eb16d3797,0x588b1ea79cb897e30f033757b2486961185b173494d22c189caecc9eb16d3797,1_16308191
1_0x4163b66f093cfe03f893188a1354f97fff412d86e06d4107ef9199e0364e270a,0x4163b66f093cfe03f893188a1354f97fff412d86e06d4107ef9199e0364e270a,1_16308191
1_0x2c7bea73947f58056cf567f6f4271ad161c0289022450a2715aadb3b06f03050,0x2c7bea73947f58056cf567f6f4271ad161c0289022450a2715aadb3b06f03050,1_16308191
1_0xb54ee5bb667e62eab1032d4f2e1bd0854a6e8450f6e07d59a3df704a2f3ba9b3,0xb54ee5bb667e62eab1032d4f2e1bd0854a6e8450f6e07d59a3df704a2f3ba9b3,1_16308191
1_0x6d1ea2ee6b09cc0170c66a5daf59aab4a315d19a2149d896ea5bed421583c90b,0x6d1ea2ee6b09cc0170c66a5daf59aab4a315d19a2149d896ea5bed421583c90b,1_16308191
1_0xeff65c5d5551f8eb76d979316bd0d91f622d9c7f1d4953f909e145fea6c236d8,0xeff65c5d5551f8eb76d979316bd0d91f622d9c7f1d4953f909e145fea6c236d8,1_16308191
1_0x09569f71ae9b0d7bcfbf41f3833806448e4d7f903b0077a1595e4347e0ee2824,0x09569f71ae9b0d7bcfbf41f3833806448e4d7f903b0077a1595e4347e0ee2824,1_16308191
1_0xf0490afda6934c2d399ee2120554d7dc145f2467f0f4232854ef49d87198deec,0xf0490afda6934c2d399ee2120554d7dc145f2467f0f4232854ef49d87198deec,1_16308191
1_0xdc9227013df225f72790d45c127dc3dcbde42428f391ace52f4d96d0ee67d853,0xdc9227013df225f72790d45c127dc3dcbde42428f391ace52f4d96d0ee67d853,1_16308191
1_0x05446345cdd3ca67e8aae11df7cab2ff351b36c73b3325cc1a13ff36027d0e16,0x05446345cdd3ca67e8aae11df7cab2ff351b36c73b3325cc1a13ff36027d0e16,1_16308191
1_0x3df2821076e7ad09e67373f9ed8f36111c8e2a1199a6d460172f905d97e0f124,0x3df2821076e7ad09e67373f9ed8f36111c8e2a1199a6d460172f905d97e0f124,1_16308191
1_0xecf42c7faf8393cf7e29efd55ffbe6bd3fa76387ebdc01e8e65f567dbef8f274,0xecf42c7faf8393cf7e29efd55ffbe6bd3fa76387ebdc01e8e65f567dbef8f274,1_16308191
1_0x8ecf9dab5fa4e2a53543acabf1504a82b55e94bfd6a2d2e61651cd2e9c800689,0x8ecf9dab5fa4e2a53543acabf1504a82b55e94bfd6a2d2e61651cd2e9c800689,1_16308191
1_0x2b2375704aa0d1b9ccb8dc7a70e561452c4f02d98eca735245d60f55eb187af9,0x2b2375704aa0d1b9ccb8dc7a70e561452c4f02d98eca735245d60f55eb187af9,1_16308191
1_0x926cd6cc2330e1710bc20eac3abd249cd927306279758bf4cb8baff6c419f3e4,0x926cd6cc2330e1710bc20eac3abd249cd927306279758bf4cb8baff6c419f3e4,1_16308191
1_0x06668c884203f94a271e3a3b2f9d9db15ebdfee4080e1df7cb57400139f2a5bf,0x06668c884203f94a271e3a3b2f9d9db15ebdfee4080e1df7cb57400139f2a5bf,1_16308191
1_0x88700b040f339aff4f74ed19e6f75a7cfeb0011896f57ddbebd1139d35389903,0x88700b040f339aff4f74ed19e6f75a7cfeb0011896f57ddbebd1139d35389903,1_16308191
1_0x983ca28d1ac2143cf30e08cbc2e615f4d9ee0154246a5a5d0ad8aad989d75664,0x983ca28d1ac2143cf30e08cbc2e615f4d9ee0154246a5a5d0ad8aad989d75664,1_16308191
1_0xf5f349d98223aa8e0117504847f0fa8da50210706b246e62e81b95d8e2545f18,0xf5f349d98223aa8e0117504847f0fa8da50210706b246e62e81b95d8e2545f18,1_16308191
1_0xad1963d10b4247f8f29035511a2448db76c11350a1a78955ac98a07403aa7c24,0xad1963d10b4247f8f29035511a2448db76c11350a1a78955ac98a07403aa7c24,1_16308191
1_0xf2acf0601a260849d44e7bb2f43d1c44aeb3645b78865fc3c540d6ebe547030b,0xf2acf0601a260849d44e7bb2f43d1c44aeb3645b78865fc3c540d6ebe547030b,1_16308191
1_0xa45e4804fcbde6fe5cdaa311fb5e4f4ae0c90fb798705306b14dd85dc96eadf6,0xa45e4804fcbde6fe5cdaa311fb5e4f4ae0c90fb798705306b14dd85dc96eadf6,1_16308191
1_0x2bd583cc17a88ee7d598c5cd90a74ff47e2cc17d73fa743980781a57be56232a,0x2bd583cc17a88ee7d598c5cd90a74ff47e2cc17d73fa743980781a57be56232a,1_16308191
1_0x52cfad2c75fa7cdf16885f49d4a5ddad80996eb8f85a8cd93c2a3b22aee29996,0x52cfad2c75fa7cdf16885f49d4a5ddad80996eb8f85a8cd93c2a3b22aee29996,1_16308191
1_0x7680d92e1c6bf6ebc393ca1fda6401ff3f8f5bdb4032f3b867d5ff6015328b51,0x7680d92e1c6bf6ebc393ca1fda6401ff3f8f5bdb4032f3b867d5ff6015328b51,1_16308191
1_0xb561abae01002ca66576fa0c8ab92daac51917cc9799ea7cda42503c213c4c9a,0xb561abae01002ca66576fa0c8ab92daac51917cc9799ea7cda42503c213c4c9a,1_16308191
1_0xe77f15b16821b9eef527381a753ae2227c17e3c6f0122c280e97a147616d334d,0xe77f15b16821b9eef527381a753ae2227c17e3c6f0122c280e97a147616d334d,1_16308191
1_0x628c99e296e86f74340a0bcdd9e22c9b5aea89c79b63de29f1b55c5c841cac8f,0x628c99e296e86f74340a0bcdd9e22c9b5aea89c79b63de29f1b55c5c841cac8f,1_16308191
1_0x77fb1f61f4f7889a1dc14fb217b996d4cb6ed4a7726d75891bf1c2e04701d924,0x77fb1f61f4f7889a1dc14fb217b996d4cb6ed4a7726d75891bf1c2e04701d924,1_16308191
1_0x051793b504a49fe1c46af1a14b7c0bd4432218fb0598c210134ad33836b647ba,0x051793b504a49fe1c46af1a14b7c0bd4432218fb0598c210134ad33836b647ba,1_16308191
1_0x922f18b63d6e2fee0a0bb78afab199ce04e0974d512126973ec1dc6f1ba5b665,0x922f18b63d6e2fee0a0bb78afab199ce04e0974d512126973ec1dc6f1ba5b665,1_16308191
1_0x8dccb024b5cb79d1ecb3c11c99fbe314313647e8e4a84bf6fc76a57061ae5f7c,0x8dccb024b5cb79d1ecb3c11c99fbe314313647e8e4a84bf6fc76a57061ae5f7c,1_16308191
1_0x82c76cf7cb0033446a9090085966ac9d11cfdb92884f56e6566ada2ba7f52e72,0x82c76cf7cb0033446a9090085966ac9d11cfdb92884f56e6566ada2ba7f52e72,1_16308191
1_0x7b7fdddb9c12fb4e439521864fd305886227c78fb9fdbe5c1f9041141ca2312b,0x7b7fdddb9c12fb4e439521864fd305886227c78fb9fdbe5c1f9041141ca2312b,1_16308191
1_0x48cf1578058d1de02a6aad5756394b74fd287c211c94029d523afa2d74df2d5a,0x48cf1578058d1de02a6aad5756394b74fd287c211c94029d523afa2d74df2d5a,1_16308191
1_0x05caea54107ab24a582f4a3cda7eeaddec44712b790b8e92d8e98e256670e6e5,0x05caea54107ab24a582f4a3cda7eeaddec44712b790b8e92d8e98e256670e6e5,1_16308191
1_0x483568635e9435dc117a0386145194c9a02afc0fe61bd3de8dc1d98d0bd7cdde,0x483568635e9435dc117a0386145194c9a02afc0fe61bd3de8dc1d98d0bd7cdde,1_16308191
1_0x60a39aadbda84d709fac249bb9c321218b0cc11c86302d2a7627955945bb6c50,0x60a39aadbda84d709fac249bb9c321218b0cc11c86302d2a7627955945bb6c50,1_16308191
