transfer_sid,transfer_index,amount,category,tx_sid,spender_address_sid,receiver_address_sid,token_sid
1_0x561bc8fc253b806862464221181f7976e5e0952ec644250acd8e6195696fe975_0,0,68400000000000000,transfer,1_0x561bc8fc253b806862464221181f7976e5e0952ec644250acd8e6195696fe975,1_0x21ddf1db140aa2855f3a1c4377ea35e4a097a1c3,1_0x00000000006c3852cbef3e08e8df289169ede581,1_native
1_0x561bc8fc253b806862464221181f7976e5e0952ec644250acd8e6195696fe975_6,6,1710000000000000,transfer,1_0x561bc8fc253b806862464221181f7976e5e0952ec644250acd8e6195696fe975,1_0x00000000006c3852cbef3e08e8df289169ede581,1_0x0000a26b00c1f0df003000390027140000faa719,1_native
1_0x561bc8fc253b806862464221181f7976e5e0952ec644250acd8e6195696fe975_7,7,3420000000000000,transfer,1_0x561bc8fc253b806862464221181f7976e5e0952ec644250acd8e6195696fe975,1_0x00000000006c3852cbef3e08e8df289169ede581,1_0x204552e33c3500d346ab257dc159b9f9f597fc91,1_native
1_0x561bc8fc253b806862464221181f7976e5e0952ec644250acd8e6195696fe975_8,8,63270000000000000,transfer,1_0x561bc8fc253b806862464221181f7976e5e0952ec644250acd8e6195696fe975,1_0x00000000006c3852cbef3e08e8df289169ede581,1_0xc7b19a41771cd15ec804fb202ae8bf13cf2c6f0b,1_native
1_0x095dad5cc873af671018a209fe080dd50032ffaf5619691f9fa00c938475dbba_9,9,35340000000000000,transfer,1_0x095dad5cc873af671018a209fe080dd50032ffaf5619691f9fa00c938475dbba,1_0x520d4e8a9dc6001e6e25c501c372c9ef1d517083,1_0x00000000006c3852cbef3e08e8df289169ede581,1_native
1_0x095dad5cc873af671018a209fe080dd50032ffaf5619691f9fa00c938475dbba_17,17,9231500000000000,transfer,1_0x095dad5cc873af671018a209fe080dd50032ffaf5619691f9fa00c938475dbba,1_0x00000000006c3852cbef3e08e8df289169ede581,1_0x91fbe07758def2ec4a8ce341e0b2cabccb12cf54,1_native
1_0x095dad5cc873af671018a209fe080dd50032ffaf5619691f9fa00c938475dbba_18,18,883500000000000,transfer,1_0x095dad5cc873af671018a209fe080dd50032ffaf5619691f9fa00c938475dbba,1_0x00000000006c3852cbef3e08e8df289169ede581,1_0x0000a26b00c1f0df003000390027140000faa719,1_native
1_0x095dad5cc873af671018a209fe080dd50032ffaf5619691f9fa00c938475dbba_19,19,1767000000000000,transfer,1_0x095dad5cc873af671018a209fe080dd50032ffaf5619691f9fa00c938475dbba,1_0x00000000006c3852cbef3e08e8df289169ede581,1_0x2dcc7c4ab800bf67380e2553be1e6891a36f18e7,1_native
1_0x095dad5cc873af671018a209fe080dd50032ffaf5619691f9fa00c938475dbba_20,20,4615750000000000,transfer,1_0x095dad5cc873af671018a209fe080dd50032ffaf5619691f9fa00c938475dbba,1_0x00000000006c3852cbef3e08e8df289169ede581,1_0xe97103c3c8aa58709c2920c831d1baf97d5dd5d1,1_native
1_0x095dad5cc873af671018a209fe080dd50032ffaf5619691f9fa00c938475dbba_21,21,9231500000000000,transfer,1_0x095dad5cc873af671018a209fe080dd50032ffaf5619691f9fa00c938475dbba,1_0x00000000006c3852cbef3e08e8df289169ede581,1_0x55ad3bbafaccb70f646c50a6699bf50bfc3ed603,1_native
1_0x095dad5cc873af671018a209fe080dd50032ffaf5619691f9fa00c938475dbba_22,22,4615750000000000,transfer,1_0x095dad5cc873af671018a209fe080dd50032ffaf5619691f9fa00c938475dbba,1_0x00000000006c3852cbef3e08e8df289169ede581,1_0x5198b9cafaa588870d10a127f1e249b18c0fa2bd,1_native
1_0x095dad5cc873af671018a209fe080dd50032ffaf5619691f9fa00c938475dbba_23,23,4995000000000000,transfer,1_0x095dad5cc873af671018a209fe080dd50032ffaf5619691f9fa00c938475dbba,1_0x00000000006c3852cbef3e08e8df289169ede581,1_0x05fa91c59008813c95ec49e7dbcdd8890cc99fb7,1_native
1_0xdf34b779f23ad6a8714d295ce2b647d1c8b8b2aac93d2412c09168d67816c044_39,39,915457863648684,transfer,1_0xdf34b779f23ad6a8714d295ce2b647d1c8b8b2aac93d2412c09168d67816c044,1_0xae45a8240147e6179ec7c9f92c5a18f9a97b3fca,1_0xa7b474f21f36fbe5d105bd64623b42975e64cecd,1_native
1_0x8b02a530210a656ba1c5be7c4f2a059e3aa27b6de49446417015cab2307dab74_40,40,50000000000000000,transfer,1_0x8b02a530210a656ba1c5be7c4f2a059e3aa27b6de49446417015cab2307dab74,1_0xdd22de874fdf682e4b7975ded8b3cc3d585ff29e,1_0x7a250d5630b4cf539739df2c5dacb4c659f2488d,1_native
1_0x8b02a530210a656ba1c5be7c4f2a059e3aa27b6de49446417015cab2307dab74_42,42,50000000000000000,transfer,1_0x8b02a530210a656ba1c5be7c4f2a059e3aa27b6de49446417015cab2307dab74,1_0x7a250d5630b4cf539739df2c5dacb4c659f2488d,1_0xc02aaa39b223fe8d0a0e5c4f27ead9083c756cc2,1_native
1_0x711d9371879bffd3619ed4c52647d1d62bff4df88ba4fe5a469c479412a6ba65_49,49,21353050000000000,transfer,1_0x711d9371879bffd3619ed4c52647d1d62bff4df88ba4fe5a469c479412a6ba65,1_0xd2a97db15f6dd9f96172e5d363a786aa1c8cff04,1_0x6dfc34609a05bc22319fa4cce1d1e2929548c0d7,1_native
1_0x3ed9018b4806495baff56b25e46a8fd2cfec160418e12280a723ab607dcd33a0_50,50,4335000000000000,transfer,1_0x3ed9018b4806495baff56b25e46a8fd2cfec160418e12280a723ab607dcd33a0,1_0x1689a089aa12d6cbbd88bc2755e4c192f8702000,1_0x6dfd404a0def11b58b464dd17092e855e46f8a42,1_native
1_0xa121e9645d2471521414d9aa970021df82e8fc036dfdd1667952aa5f2c48372c_51,51,30461860000000000,transfer,1_0xa121e9645d2471521414d9aa970021df82e8fc036dfdd1667952aa5f2c48372c,1_0xbe2808fe8689198539f5968fc3385cdc722a5960,1_0x6dfc34609a05bc22319fa4cce1d1e2929548c0d7,1_native
1_0xc86d2bb29d718b67236efa462d2a853b22ccb5af846e9de908a8f51434375e88_52,52,49655032251413000,transfer,1_0xc86d2bb29d718b67236efa462d2a853b22ccb5af846e9de908a8f51434375e88,1_0x4ba86ca2797691d1af5af268c92f63c1df5bf366,1_0xcbd6832ebc203e49e2b771897067fce3c58575ac,1_native
1_0xf01a02319e5fecfc1262d7cb49c690479734fcfd152303a93a4bbdc717e8a500_55,55,8000000000000000,transfer,1_0xf01a02319e5fecfc1262d7cb49c690479734fcfd152303a93a4bbdc717e8a500,1_0x06012c8cf97bead5deae237070f9587f8e7a266d,1_0xab5622d7da96c571c6abe08e4b85e462eb666e4f,1_native
1_0xb2fa248e2815b45885d2cc82fd438ae09eca15d76be35e65368bb4c351aeefe6_66,66,86237265142166452,transfer,1_0xb2fa248e2815b45885d2cc82fd438ae09eca15d76be35e65368bb4c351aeefe6,1_0xc02aaa39b223fe8d0a0e5c4f27ead9083c756cc2,1_0x7a250d5630b4cf539739df2c5dacb4c659f2488d,1_native
1_0xb2fa248e2815b45885d2cc82fd438ae09eca15d76be35e65368bb4c351aeefe6_67,67,86237265142166452,transfer,1_0xb2fa248e2815b45885d2cc82fd438ae09eca15d76be35e65368bb4c351aeefe6,1_0x7a250d5630b4cf539739df2c5dacb4c659f2488d,1_0xdcdf0feeede933ceafc6131b663f1ee210ac61ae,1_native
1_0x5021495d4356e6670200bc7b549a4e3d4c052d4fbb65b74f6615952242845ab0_87,87,51000000000000000,transfer,1_0x5021495d4356e6670200bc7b549a4e3d4c052d4fbb65b74f6615952242845ab0,1_0xc8557c93305f58ce6733c0f9fbd3413c8ebe4dc6,1_0x00000000006c3852cbef3e08e8df289169ede581,1_native
1_0x5021495d4356e6670200bc7b549a4e3d4c052d4fbb65b74f6615952242845ab0_93,93,1275000000000000,transfer,1_0x5021495d4356e6670200bc7b549a4e3d4c052d4fbb65b74f6615952242845ab0,1_0x00000000006c3852cbef3e08e8df289169ede581,1_0x0000a26b00c1f0df003000390027140000faa719,1_native
1_0x5021495d4356e6670200bc7b549a4e3d4c052d4fbb65b74f6615952242845ab0_94,94,2550000000000000,transfer,1_0x5021495d4356e6670200bc7b549a4e3d4c052d4fbb65b74f6615952242845ab0,1_0x00000000006c3852cbef3e08e8df289169ede581,1_0x204552e33c3500d346ab257dc159b9f9f597fc91,1_native
1_0x5021495d4356e6670200bc7b549a4e3d4c052d4fbb65b74f6615952242845ab0_95,95,47175000000000000,transfer,1_0x5021495d4356e6670200bc7b549a4e3d4c052d4fbb65b74f6615952242845ab0,1_0x00000000006c3852cbef3e08e8df289169ede581,1_0x22be5f8a44765ba842c1ae2375d9d8137150bba6,1_native
1_0x144d156099d0ea8692de69b06613afa9366ab14d7fb37095664082c2c5146533_96,96,36019360000000000,transfer,1_0x144d156099d0ea8692de69b06613afa9366ab14d7fb37095664082c2c5146533,1_0xf60c2ea62edbfe808163751dd0d8693dcb30019c,1_0xf8b209322e6b01f3fd87d4131d0c96a599287b8e,1_native
1_0x45c7fb4f1116214317372f0ecaaf779a438eaddabc79348709ad8572a7d2087a_97,97,170496164550773750,transfer,1_0x45c7fb4f1116214317372f0ecaaf779a438eaddabc79348709ad8572a7d2087a,1_0xc7b85e26fb7e807326d944ba71752c896ebe103c,1_0xa9d1e08c7793af67e9d92fe308d5697fb81d3e43,1_native
1_0xe05d0cf27013ebe48bdd8ea082edb1b10adb39a5b36fd291ff075bf9e541c1f0_98,98,279046494114011715,transfer,1_0xe05d0cf27013ebe48bdd8ea082edb1b10adb39a5b36fd291ff075bf9e541c1f0,1_0x1c63963685e5e83f921aec073eff44fdbd693406,1_0xa9d1e08c7793af67e9d92fe308d5697fb81d3e43,1_native
1_0xf201f0f9f5ea724eb53da6becbd757c614efee308fbb479f6c71f32a180a32f0_99,99,250247673946588470,transfer,1_0xf201f0f9f5ea724eb53da6becbd757c614efee308fbb479f6c71f32a180a32f0,1_0x456a713a786aab801a762ffcf87f12044fa00b76,1_0xa9d1e08c7793af67e9d92fe308d5697fb81d3e43,1_native
1_0x07489f179da93cb44ea2a295da4c4978a78b4dec63519b7e5d2902f0cd4748e9_100,100,178716727610308340,transfer,1_0x07489f179da93cb44ea2a295da4c4978a78b4dec63519b7e5d2902f0cd4748e9,1_0x62455826ae32118be50b59948dc63519d50f1262,1_0xa9d1e08c7793af67e9d92fe308d5697fb81d3e43,1_native
1_0x03be64ae3f274f476107fbec73915ee637cd8ae2e669ea95cb2ae6aef8e25224_101,101,163097363743905970,transfer,1_0x03be64ae3f274f476107fbec73915ee637cd8ae2e669ea95cb2ae6aef8e25224,1_0x603ffd27c2914cf22851eda2c2e5bea13338027a,1_0xa9d1e08c7793af67e9d92fe308d5697fb81d3e43,1_native
1_0x0fa68ca1c7badb4a1926f01e3e3527c0eeda7ff716961b3d122f33b514da0e13_103,103,930127283999076730,transfer,1_0x0fa68ca1c7badb4a1926f01e3e3527c0eeda7ff716961b3d122f33b514da0e13,1_0x875d302cde9ab9e8f6f16ae4373f1cf073db0994,1_0xa9d1e08c7793af67e9d92fe308d5697fb81d3e43,1_native
1_0xdb2ef9d502fc06fa597e89ce24e67ae9e69508b6df97b90d64dd6f09d110152b_104,104,21099349000000000000,transfer,1_0xdb2ef9d502fc06fa597e89ce24e67ae9e69508b6df97b90d64dd6f09d110152b,1_0x110ceb8723bd40dc0124e223d13c18be8369167b,1_0x7c195d981abfdc3ddecd2ca0fed0958430488e34,1_native
1_0xf745e8399fe2a0e5c42be314ad4d5cfea81fcad4c4e076c264018b8f579dce95_105,105,555039300467780000,transfer,1_0xf745e8399fe2a0e5c42be314ad4d5cfea81fcad4c4e076c264018b8f579dce95,1_0x34bf571ada242ba0386bf287f436cf15c7c1a598,1_0xa9d1e08c7793af67e9d92fe308d5697fb81d3e43,1_native
1_0xb053fdf028569e3d0cf012e3f129bbf0328816ca77b6a371cf0967959730e76b_106,106,3383378574895315925,transfer,1_0xb053fdf028569e3d0cf012e3f129bbf0328816ca77b6a371cf0967959730e76b,1_0xca0ab9d58e34fadc6f713ac234d632f2d054532f,1_0xa9d1e08c7793af67e9d92fe308d5697fb81d3e43,1_native
1_0x3fbe5c916334532f74865c5e21ae94f1cd9f1d62ad643a84e68186e243653a1a_108,108,6244756352608191230,transfer,1_0x3fbe5c916334532f74865c5e21ae94f1cd9f1d62ad643a84e68186e243653a1a,1_0xa233acbcf05573bf159944773c6415fa63974c4e,1_0x7c195d981abfdc3ddecd2ca0fed0958430488e34,1_native
1_0x5b250b4939044497eb72782abd14d0a5d87d495dc5cb06675d04e823ef63ec11_112,112,34900000000000000000,transfer,1_0x5b250b4939044497eb72782abd14d0a5d87d495dc5cb06675d04e823ef63ec11,1_0x90e34f5df30f0510d32bb5e35816a2204e241feb,1_0xc02aaa39b223fe8d0a0e5c4f27ead9083c756cc2,1_native
1_0x799015f3f04eae09c67896957618411843ad0cc1360b8a88615489886e8b79e8_117,117,248800000000000000,transfer,1_0x799015f3f04eae09c67896957618411843ad0cc1360b8a88615489886e8b79e8,1_0x21a31ee1afc51d94c2efccaa2092ad1028285549,1_0x001fd67583b0a575ff4aa1825405e94221611cce,1_native
1_0x82b199e75fd215a241f477614dca545d39a503517a9b1c00e71c4cec06daf21f_121,121,66810503111045210,transfer,1_0x82b199e75fd215a241f477614dca545d39a503517a9b1c00e71c4cec06daf21f,1_0x387f4e215ac1299a125e905aed48e9c6ea5c4470,1_0xe66b31678d6c16e9ebf358268a790b763c133750,1_native
1_0x82b199e75fd215a241f477614dca545d39a503517a9b1c00e71c4cec06daf21f_122,122,668105031110452,transfer,1_0x82b199e75fd215a241f477614dca545d39a503517a9b1c00e71c4cec06daf21f,1_0xe66b31678d6c16e9ebf358268a790b763c133750,1_0x382ffce2287252f930e1c8dc9328dac5bf282ba1,1_native
1_0x82b199e75fd215a241f477614dca545d39a503517a9b1c00e71c4cec06daf21f_123,123,66142398079934758,transfer,1_0x82b199e75fd215a241f477614dca545d39a503517a9b1c00e71c4cec06daf21f,1_0xe66b31678d6c16e9ebf358268a790b763c133750,1_0xdef1c0ded9bec7f1a1670819833240f027b25eff,1_native
1_0x82b199e75fd215a241f477614dca545d39a503517a9b1c00e71c4cec06daf21f_124,124,66142398079934758,transfer,1_0x82b199e75fd215a241f477614dca545d39a503517a9b1c00e71c4cec06daf21f,1_0xdef1c0ded9bec7f1a1670819833240f027b25eff,1_0xf9b30557afcf76ea82c04015d80057fa2147dfa9,1_native
1_0x82b199e75fd215a241f477614dca545d39a503517a9b1c00e71c4cec06daf21f_125,125,66142398079934758,transfer,1_0x82b199e75fd215a241f477614dca545d39a503517a9b1c00e71c4cec06daf21f,1_0xdef1c0ded9bec7f1a1670819833240f027b25eff,1_0xc02aaa39b223fe8d0a0e5c4f27ead9083c756cc2,1_native
1_0x61accc82b86520fa529a484082bcbc5e7400d24fe6613ed3e91ff4281904ee7f_134,134,33420137121423596,transfer,1_0x61accc82b86520fa529a484082bcbc5e7400d24fe6613ed3e91ff4281904ee7f,1_0xec12a04d45b67a7c359d2b2442c8804c86d58d77,1_0xe16bb2981ae125f1a89a4781509eda817594bad4,1_native
1_0x8abf2274fb8c75005b80818ea1682afe9616538563fa6912cab49db4d6fd98e8_145,145,207508880000000000,transfer,1_0x8abf2274fb8c75005b80818ea1682afe9616538563fa6912cab49db4d6fd98e8,1_0x29d5527caa78f1946a409fa6acaf14a0a4a0274b,1_0xa12d05a7656be9dd46f575182893ec94193cc60e,1_native
1_0x3c8d01c0fb5e68af145a0d6e098c911fbf7aab314b718a1cb2f4a06607247dbd_150,150,4200000000000000,transfer,1_0x3c8d01c0fb5e68af145a0d6e098c911fbf7aab314b718a1cb2f4a06607247dbd,1_0x67bd29ebf8219fd5fea92334ef89fc47969f81f5,1_0x68b3465833fb72a70ecdf485e0e4c7bd8665fc45,1_native
1_0x3c8d01c0fb5e68af145a0d6e098c911fbf7aab314b718a1cb2f4a06607247dbd_151,151,4200000000000000,transfer,1_0x3c8d01c0fb5e68af145a0d6e098c911fbf7aab314b718a1cb2f4a06607247dbd,1_0x68b3465833fb72a70ecdf485e0e4c7bd8665fc45,1_0x68b3465833fb72a70ecdf485e0e4c7bd8665fc45,1_native
1_0x3c8d01c0fb5e68af145a0d6e098c911fbf7aab314b718a1cb2f4a06607247dbd_152,152,4200000000000000,transfer,1_0x3c8d01c0fb5e68af145a0d6e098c911fbf7aab314b718a1cb2f4a06607247dbd,1_0x68b3465833fb72a70ecdf485e0e4c7bd8665fc45,1_0xc02aaa39b223fe8d0a0e5c4f27ead9083c756cc2,1_native
1_0xbaa6af1abf02056fb308e7b537b1be4615e91f55719eb7ffdfafc8ebb7058434_168,168,42000000000000000,transfer,1_0xbaa6af1abf02056fb308e7b537b1be4615e91f55719eb7ffdfafc8ebb7058434,1_0xeb5442e53ea30028adcfda5d8a76ac3457591e68,1_0xe45da8d6ac8b7f4bef70c94155302448500cb3b5,1_native
1_0x8767994d5f6f0241af14dff39fa76027b9ede6c1cd6b7f615b5be9615389e417_196,196,4767126865900885400,transfer,1_0x8767994d5f6f0241af14dff39fa76027b9ede6c1cd6b7f615b5be9615389e417,1_0xd5fbda4c79f38920159fe5f22df9655fde292d47,1_0x160c7ca8faeed71c1eb21d2c73cb6366c385d216,1_native
1_0x4b8d2c36dcbe3d30787113894046702c86c685bf91d214e871b93991854fad2b_279,279,51000000000000000,transfer,1_0x4b8d2c36dcbe3d30787113894046702c86c685bf91d214e871b93991854fad2b,1_0x4fb32fce97bf9e16b525b379802fb171fb869526,1_0x00000000006c3852cbef3e08e8df289169ede581,1_native
1_0xfdd07d51bb9a3f6fc54bde1bb712daf27ae9cc8bda1b456d315ee2a83f0545a3_281,281,94841002058184040,transfer,1_0xfdd07d51bb9a3f6fc54bde1bb712daf27ae9cc8bda1b456d315ee2a83f0545a3,1_0x9c08a103cbe88720ebbcb72ab9c8232e654749c1,1_0x62b66264d876612b9e5a955b0d812eb37b52d950,1_native
1_0x72397629df456569bf7bbcb4a875d255c7d659c308981a89a3449bc0dc0bb108_294,294,1289834206783787266,transfer,1_0x72397629df456569bf7bbcb4a875d255c7d659c308981a89a3449bc0dc0bb108,1_0x5b407fb13c790d663ad80995eefc9b106dfa968a,1_0x62b8d788634d2783615e031e9936adf7da1af0ba,1_native
1_0xe6b103583a2b0a2316076b9014ebb5195a78697ea7a2cf33121755cdf33b2e1d_300,300,100000000000000000,transfer,1_0xe6b103583a2b0a2316076b9014ebb5195a78697ea7a2cf33121755cdf33b2e1d,1_0xd63f51122663aba57079af86a67f70c0ee8cc401,1_0x44e94034afce2dd3cd5eb62528f239686fc8f162,1_native
1_0xe6b103583a2b0a2316076b9014ebb5195a78697ea7a2cf33121755cdf33b2e1d_303,303,100000000000000000,transfer,1_0xe6b103583a2b0a2316076b9014ebb5195a78697ea7a2cf33121755cdf33b2e1d,1_0x44e94034afce2dd3cd5eb62528f239686fc8f162,1_0x3ed9707718a0a41464c905aed5fbc5a067236c0e,1_native
1_0x1d082eec71f2b6be724bc938114507459b5e021dde9721bff955583a30413e59_309,309,13807998768378729,transfer,1_0x1d082eec71f2b6be724bc938114507459b5e021dde9721bff955583a30413e59,1_0x61fda88dd761b8c79e5e03725ed7ba9ce3b10193,1_0x283af0b28c62c092c9727f1ee09c02ca627eb7f5,1_native
1_0x1d082eec71f2b6be724bc938114507459b5e021dde9721bff955583a30413e59_328,328,1255272615307157,transfer,1_0x1d082eec71f2b6be724bc938114507459b5e021dde9721bff955583a30413e59,1_0x283af0b28c62c092c9727f1ee09c02ca627eb7f5,1_0x61fda88dd761b8c79e5e03725ed7ba9ce3b10193,1_native
1_0xd38c55d882faf5605275fd77d1dc80fbadf79eb5d2313523030208cf70d44b12_333,333,100000000000000,transfer,1_0xd38c55d882faf5605275fd77d1dc80fbadf79eb5d2313523030208cf70d44b12,1_0x20977658df98841d72d001bae43c5501553eabe9,1_0x99027c41f74b38862f53bda999881d8389fc6a92,1_native
1_0x3c649c1bef3e3dbb812403774bfd325641951db097268b304074fae35b4cac57_335,335,509310752376640866,transfer,1_0x3c649c1bef3e3dbb812403774bfd325641951db097268b304074fae35b4cac57,1_0xcdaa5751234c1945e8979e2ac64f2b4270f61af4,1_0x40527d5ef1f196698717283995a813b4896d5245,1_native
1_0xb632c6aace83e41f714ab64ee79a3812bd4ef1a5c0e790f787810ae504db26e2_339,339,76010504209076502,transfer,1_0xb632c6aace83e41f714ab64ee79a3812bd4ef1a5c0e790f787810ae504db26e2,1_0xa2733910e1faddd5f4d2ce2509663cf8662149c4,1_0x277f653b2b5d9212b584cce245be75aa3c8fa46b,1_native
1_0xc6a7a7160eff399b2a6bbb82a5351bd5c13fc1262ef9ea8bf12d24f03509f7d9_346,346,1276411994801739860,transfer,1_0xc6a7a7160eff399b2a6bbb82a5351bd5c13fc1262ef9ea8bf12d24f03509f7d9,1_0x6522cb212d39b85770a99e1870982f25403a2940,1_0x59728544b08ab483533076417fbbb2fd0b17ce3a,1_native
1_0xc6a7a7160eff399b2a6bbb82a5351bd5c13fc1262ef9ea8bf12d24f03509f7d9_347,347,1276411994801739860,transfer,1_0xc6a7a7160eff399b2a6bbb82a5351bd5c13fc1262ef9ea8bf12d24f03509f7d9,1_0x59728544b08ab483533076417fbbb2fd0b17ce3a,1_0xc02aaa39b223fe8d0a0e5c4f27ead9083c756cc2,1_native
1_0xcf3a2b45e185accd521d6a7327e2d7350307fff68e75bb095bea0080ed10cad6_514,514,100000000000000,transfer,1_0xcf3a2b45e185accd521d6a7327e2d7350307fff68e75bb095bea0080ed10cad6,1_0xd58fb2f5ef1bab92c44f44123026b5c06f698779,1_0x59728544b08ab483533076417fbbb2fd0b17ce3a,1_native
1_0xcf3a2b45e185accd521d6a7327e2d7350307fff68e75bb095bea0080ed10cad6_515,515,100000000000000,transfer,1_0xcf3a2b45e185accd521d6a7327e2d7350307fff68e75bb095bea0080ed10cad6,1_0x59728544b08ab483533076417fbbb2fd0b17ce3a,1_0xc02aaa39b223fe8d0a0e5c4f27ead9083c756cc2,1_native
1_0x5aef3fd1612349f64dfad8c7f305aee90908880625a1a900e311271d63d2072e_530,530,22000000000000000,transfer,1_0x5aef3fd1612349f64dfad8c7f305aee90908880625a1a900e311271d63d2072e,1_0x9ae88cf1933fa4e889cfbfb88420ea285231db00,1_0x6deed5cf156b13beb9197215270615a3d0bc55ee,1_native
1_0x5aef3fd1612349f64dfad8c7f305aee90908880625a1a900e311271d63d2072e_531,531,22000000000000000,transfer,1_0x5aef3fd1612349f64dfad8c7f305aee90908880625a1a900e311271d63d2072e,1_0x6deed5cf156b13beb9197215270615a3d0bc55ee,1_0x306821d2f66e1aa61eb2a2d904da6489b8491713,1_native
1_0x31be0107558f08fdc299dd6d157b5043084822498a89718b71c3463c95438c48_950,950,2579047454521353000,transfer,1_0x31be0107558f08fdc299dd6d157b5043084822498a89718b71c3463c95438c48,1_0xc76f325b3362f32f596d89abd2492823a8e25030,1_0x4d846da8257bb0ebd164eff513dff0f0c2c3c0ba,1_native
1_0x761fc56760d585784ba9525f1a08259109f8cc7bdc11738002832872af2b3186_1164,1164,15000000000000000,transfer,1_0x761fc56760d585784ba9525f1a08259109f8cc7bdc11738002832872af2b3186,1_0x1855ae1fffa2bd43078614e9cfeb18f425d347ac,1_0x68b3465833fb72a70ecdf485e0e4c7bd8665fc45,1_native
1_0x761fc56760d585784ba9525f1a08259109f8cc7bdc11738002832872af2b3186_1165,1165,15000000000000000,transfer,1_0x761fc56760d585784ba9525f1a08259109f8cc7bdc11738002832872af2b3186,1_0x68b3465833fb72a70ecdf485e0e4c7bd8665fc45,1_0x68b3465833fb72a70ecdf485e0e4c7bd8665fc45,1_native
1_0x761fc56760d585784ba9525f1a08259109f8cc7bdc11738002832872af2b3186_1166,1166,15000000000000000,transfer,1_0x761fc56760d585784ba9525f1a08259109f8cc7bdc11738002832872af2b3186,1_0x68b3465833fb72a70ecdf485e0e4c7bd8665fc45,1_0xc02aaa39b223fe8d0a0e5c4f27ead9083c756cc2,1_native
1_0xb3e53499fe0353d926dd55f120b8c37d92f3eae02898a1f00bbe2fae1a6c4530_1179,1179,502861945294627705,transfer,1_0xb3e53499fe0353d926dd55f120b8c37d92f3eae02898a1f00bbe2fae1a6c4530,1_0x1c727a55ea3c11b0ab7d3a361fe0f3c47ce6de5d,1_0x4c09c9ecf9eac125958a4bc02e8c3d6d39c1a0f5,1_native
1_0x7deee34e1c04f6d7a043bcec42a19504bcd7d9d0509d2425e58daa9e3d866354_1180,1180,48060686481014934,transfer,1_0x7deee34e1c04f6d7a043bcec42a19504bcd7d9d0509d2425e58daa9e3d866354,1_0x1c727a55ea3c11b0ab7d3a361fe0f3c47ce6de5d,1_0x1b1f7f5e38bd9e23c8cc4170984ea80d08e20259,1_native
1_0xfa455fe8ddcd43385f96abec1e73e1416299f86451bb8a5ec65b284d6c2a8e9e_1182,1182,245534261274948000,transfer,1_0xfa455fe8ddcd43385f96abec1e73e1416299f86451bb8a5ec65b284d6c2a8e9e,1_0x2e9f2ff5a16a80db3dd9998eee9147b5da585124,1_0x912fd21d7a69678227fe6d08c64222db41477ba0,1_native
1_0x3836b157c4b0d5ce4fdd91af452b6568bfc279dd1b4dc7d99c0738e147d0fb78_1188,1188,18342430000000000,transfer,1_0x3836b157c4b0d5ce4fdd91af452b6568bfc279dd1b4dc7d99c0738e147d0fb78,1_0x8fe6ab3382c1c4acf14629ed77223c0e1d843dda,1_0xcd0619bfc163d07aa36e1b7ebb0e091883d1c072,1_native
1_0x6009296a869b4d829fe8f44a0f57d2fbaadee49fd80ec3315ed587cca004f548_1201,1201,46712993967863606,transfer,1_0x6009296a869b4d829fe8f44a0f57d2fbaadee49fd80ec3315ed587cca004f548,1_0xdafea492d9c6733ae3d56b7ed1adb60692c98bc5,1_0x388c818ca8b9251b393131c08a736a67ccb19297,1_native
1_0x8d7213971f2f07b48cdab64ef6fd9da84bce4cd69e9766edd9957b4b1def419e_64,64,149560000000000000,transfer,1_0x8d7213971f2f07b48cdab64ef6fd9da84bce4cd69e9766edd9957b4b1def419e,1_0x75e89d5979e4f6fba9f97c104c2f0afb3f1dcb88,1_0x03425d06e61315c05a7e431c9bcc9a9324669d5c,1_native
1_0x1f53592904e2cf571000d5f0fae6fa021f48aee6e1e0cf18b121bda29038fb42_74,74,41469657786595001,transfer,1_0x1f53592904e2cf571000d5f0fae6fa021f48aee6e1e0cf18b121bda29038fb42,1_0x4e80744fa23cec76e1621ce0dfaceb4b1d532e12,1_0x6e77603361df25a08558ba9fa6b7b3102c9a2824,1_native
1_0x648329c6a5526678bd0612dc5cdc35db4c38624d1636ff11c5929f41461b162c_76,76,3647103182399328839,transfer,1_0x648329c6a5526678bd0612dc5cdc35db4c38624d1636ff11c5929f41461b162c,1_0xcac0f1a06d3f02397cfb6d7077321d73b504916e,1_0x7776607e2e0bd61052e60d59f1fdd11dfbec27e8,1_native
1_0x648329c6a5526678bd0612dc5cdc35db4c38624d1636ff11c5929f41461b162c_77,77,1604725400255704690,transfer,1_0x648329c6a5526678bd0612dc5cdc35db4c38624d1636ff11c5929f41461b162c,1_0x7776607e2e0bd61052e60d59f1fdd11dfbec27e8,1_0xf66c754417e0488c313c3cfadc5806dbf8d12fd8,1_native
1_0x648329c6a5526678bd0612dc5cdc35db4c38624d1636ff11c5929f41461b162c_78,78,1604725400255704690,transfer,1_0x648329c6a5526678bd0612dc5cdc35db4c38624d1636ff11c5929f41461b162c,1_0x7776607e2e0bd61052e60d59f1fdd11dfbec27e8,1_0xc1f7ff0a9ef8be062c97e6875cac5fe46189312c,1_native
1_0x648329c6a5526678bd0612dc5cdc35db4c38624d1636ff11c5929f41461b162c_79,79,182355159119966442,transfer,1_0x648329c6a5526678bd0612dc5cdc35db4c38624d1636ff11c5929f41461b162c,1_0x7776607e2e0bd61052e60d59f1fdd11dfbec27e8,1_0x8c750597ed29ef16a1bf41025aecef527e479175,1_native
1_0x648329c6a5526678bd0612dc5cdc35db4c38624d1636ff11c5929f41461b162c_80,80,109413095471979865,transfer,1_0x648329c6a5526678bd0612dc5cdc35db4c38624d1636ff11c5929f41461b162c,1_0x7776607e2e0bd61052e60d59f1fdd11dfbec27e8,1_0x6acbd3a4a924b23e295181e4a6f6677a9befeda0,1_native
1_0x648329c6a5526678bd0612dc5cdc35db4c38624d1636ff11c5929f41461b162c_81,81,72942063647986576,transfer,1_0x648329c6a5526678bd0612dc5cdc35db4c38624d1636ff11c5929f41461b162c,1_0x7776607e2e0bd61052e60d59f1fdd11dfbec27e8,1_0x8642dcd76a7c50d751ad062dd7643a595e941a40,1_native
1_0x648329c6a5526678bd0612dc5cdc35db4c38624d1636ff11c5929f41461b162c_82,82,72942063647986576,transfer,1_0x648329c6a5526678bd0612dc5cdc35db4c38624d1636ff11c5929f41461b162c,1_0x7776607e2e0bd61052e60d59f1fdd11dfbec27e8,1_0xea90f5459cf60a0eb958a4658c27170ab47b18d4,1_native
1_0xb096e3b4929f580915db2d86945dbd2fa3ebeae51792d1cd087e231f6e56d25f_83,83,10000000000000000,transfer,1_0xb096e3b4929f580915db2d86945dbd2fa3ebeae51792d1cd087e231f6e56d25f,1_0xdd22de874fdf682e4b7975ded8b3cc3d585ff29e,1_0xcac0f1a06d3f02397cfb6d7077321d73b504916e,1_native
1_0x69e4f6cfa5f51cacaf05ff6fec062c364704736099d84906c4dbdfb8ee08f160_84,84,50000000000000000,transfer,1_0x69e4f6cfa5f51cacaf05ff6fec062c364704736099d84906c4dbdfb8ee08f160,1_0x35c7f81e953c61ab42d0a052f0fadea82fb0f362,1_0x00000000006c3852cbef3e08e8df289169ede581,1_native
1_0x69e4f6cfa5f51cacaf05ff6fec062c364704736099d84906c4dbdfb8ee08f160_90,90,1250000000000000,transfer,1_0x69e4f6cfa5f51cacaf05ff6fec062c364704736099d84906c4dbdfb8ee08f160,1_0x00000000006c3852cbef3e08e8df289169ede581,1_0x0000a26b00c1f0df003000390027140000faa719,1_native
1_0x69e4f6cfa5f51cacaf05ff6fec062c364704736099d84906c4dbdfb8ee08f160_91,91,2500000000000000,transfer,1_0x69e4f6cfa5f51cacaf05ff6fec062c364704736099d84906c4dbdfb8ee08f160,1_0x00000000006c3852cbef3e08e8df289169ede581,1_0x204552e33c3500d346ab257dc159b9f9f597fc91,1_native
1_0x69e4f6cfa5f51cacaf05ff6fec062c364704736099d84906c4dbdfb8ee08f160_92,92,46250000000000000,transfer,1_0x69e4f6cfa5f51cacaf05ff6fec062c364704736099d84906c4dbdfb8ee08f160,1_0x00000000006c3852cbef3e08e8df289169ede581,1_0x37f7be01a006efc949c215c86a8ce51a93f5ac6a,1_native
1_0x2c0140b7e9d1fe958eab6a809a4e4f64f65f59616b5b5a1cc53a934200f12862_93,93,22000000000000000,transfer,1_0x2c0140b7e9d1fe958eab6a809a4e4f64f65f59616b5b5a1cc53a934200f12862,1_0xcfdc6908dbada6c5beafb6035926dcb0b6f5c602,1_0x6deed5cf156b13beb9197215270615a3d0bc55ee,1_native
1_0x2c0140b7e9d1fe958eab6a809a4e4f64f65f59616b5b5a1cc53a934200f12862_94,94,22000000000000000,transfer,1_0x2c0140b7e9d1fe958eab6a809a4e4f64f65f59616b5b5a1cc53a934200f12862,1_0x6deed5cf156b13beb9197215270615a3d0bc55ee,1_0x306821d2f66e1aa61eb2a2d904da6489b8491713,1_native
1_0x2ae5f21481db35b9b49f76e41fbce8799a4b042d3b664e0a71c9f387dfe0ef3e_107,107,1500000000000000000,transfer,1_0x2ae5f21481db35b9b49f76e41fbce8799a4b042d3b664e0a71c9f387dfe0ef3e,1_0x3cd751e6b0078be393132286c442345e5dc49699,1_0x57afad8d54dec8d995c9e48a3c1b5f6393d1125e,1_native
1_0xdfd34e107b9d99449fb1269ac4e3fa2fed287a5a9434673d50103905d376b227_109,109,1003510000000000,transfer,1_0xdfd34e107b9d99449fb1269ac4e3fa2fed287a5a9434673d50103905d376b227,1_0xa9d1e08c7793af67e9d92fe308d5697fb81d3e43,1_0x8d0625b94a53f49c7f38ffbde217946c8b2c0c39,1_native
1_0xdfd34e107b9d99449fb1269ac4e3fa2fed287a5a9434673d50103905d376b227_110,110,3781720000000000,transfer,1_0xdfd34e107b9d99449fb1269ac4e3fa2fed287a5a9434673d50103905d376b227,1_0xa9d1e08c7793af67e9d92fe308d5697fb81d3e43,1_0xf7c9d7933729a631177c7e101e32e4d9fa8bbb6e,1_native
1_0xdfd34e107b9d99449fb1269ac4e3fa2fed287a5a9434673d50103905d376b227_111,111,10808960000000000,transfer,1_0xdfd34e107b9d99449fb1269ac4e3fa2fed287a5a9434673d50103905d376b227,1_0xa9d1e08c7793af67e9d92fe308d5697fb81d3e43,1_0xa5d011c1144cd8025772e546bbab32c36c5aa026,1_native
1_0xdfd34e107b9d99449fb1269ac4e3fa2fed287a5a9434673d50103905d376b227_112,112,24609180000000000,transfer,1_0xdfd34e107b9d99449fb1269ac4e3fa2fed287a5a9434673d50103905d376b227,1_0xa9d1e08c7793af67e9d92fe308d5697fb81d3e43,1_0x157526c30fe06abaacca9880b0ca9d229df68d09,1_native
1_0xdfd34e107b9d99449fb1269ac4e3fa2fed287a5a9434673d50103905d376b227_113,113,63368670000000000,transfer,1_0xdfd34e107b9d99449fb1269ac4e3fa2fed287a5a9434673d50103905d376b227,1_0xa9d1e08c7793af67e9d92fe308d5697fb81d3e43,1_0x16714eb1715ff0c8cca3695641a7fea11f628b74,1_native
1_0xdfd34e107b9d99449fb1269ac4e3fa2fed287a5a9434673d50103905d376b227_114,114,95234950000000000,transfer,1_0xdfd34e107b9d99449fb1269ac4e3fa2fed287a5a9434673d50103905d376b227,1_0xa9d1e08c7793af67e9d92fe308d5697fb81d3e43,1_0x9d92c601535276665c850f05add536ce1c99dc43,1_native
1_0xdfd34e107b9d99449fb1269ac4e3fa2fed287a5a9434673d50103905d376b227_115,115,397993090000000000,transfer,1_0xdfd34e107b9d99449fb1269ac4e3fa2fed287a5a9434673d50103905d376b227,1_0xa9d1e08c7793af67e9d92fe308d5697fb81d3e43,1_0xa65aa08bde79c27cf6fa63f89df1e9269ad9fd1d,1_native
1_0xdfd34e107b9d99449fb1269ac4e3fa2fed287a5a9434673d50103905d376b227_116,116,1000000000000000000,transfer,1_0xdfd34e107b9d99449fb1269ac4e3fa2fed287a5a9434673d50103905d376b227,1_0xa9d1e08c7793af67e9d92fe308d5697fb81d3e43,1_0xb25b8c5f41cea2bc1c3aeb22261cbbcb877ca8de,1_native
1_0xd68a68a5642559ae0072d506e913c2b6f8a956f67fca6a9e95c99235d9631e52_118,118,37000000000000000,transfer,1_0xd68a68a5642559ae0072d506e913c2b6f8a956f67fca6a9e95c99235d9631e52,1_0x15ece0d7de25436bcfcf3d62a9085ddc7838aee9,1_0x867ae719902f8ba4aaf475edb342cd59bdb6804a,1_native
1_0x066b7befdc8cabf21614779a36eab2808b2aa66f25715498a55aaf4098d92787_123,123,314345650000000000,transfer,1_0x066b7befdc8cabf21614779a36eab2808b2aa66f25715498a55aaf4098d92787,1_0x50be13b54f3eebbe415d20250598d81280e56772,1_0xf2bbc1db6666cfedfad239930505f47f5029171b,1_native
1_0x9ffc77eaf590e052b884b16f8a02a089b2864bf4b133d6a51def559c538d4033_127,127,2088791000000000000,transfer,1_0x9ffc77eaf590e052b884b16f8a02a089b2864bf4b133d6a51def559c538d4033,1_0x6e35c0d2151b04be3f7fad53f28ee099b864795e,1_0xf60c2ea62edbfe808163751dd0d8693dcb30019c,1_native
1_0x5a504496e1bab8fd12f9cab16b98eabda19793518928d440b6baf8386e769d32_130,130,159589816804931591,transfer,1_0x5a504496e1bab8fd12f9cab16b98eabda19793518928d440b6baf8386e769d32,1_0x4249940c339bc3a1ac5e886697b030deb2f9ec6c,1_0x28c6c06298d514db089934071355e5743bf21d60,1_native
1_0xdc008dc2be8e8aaa10c39198339937425008cd9c79d4d849bbdd78600c67f6c3_131,131,18811081873648707573,transfer,1_0xdc008dc2be8e8aaa10c39198339937425008cd9c79d4d849bbdd78600c67f6c3,1_0x2088eff304facbb64ff37ae469b6e89e61390c76,1_0x28c6c06298d514db089934071355e5743bf21d60,1_native
1_0xb97850c9bc0a0595a521ef19e3e98a257fb7c8314c1121d7e9d5008cdf3270e1_132,132,60439444853320865,transfer,1_0xb97850c9bc0a0595a521ef19e3e98a257fb7c8314c1121d7e9d5008cdf3270e1,1_0xc03953d93812f69a29ccd0602d3304c32672fda2,1_0x28c6c06298d514db089934071355e5743bf21d60,1_native
1_0x112084b7d61702cf45d0917187fbb775c5b783a049a2d9003f13d14d074be5e1_133,133,165301382633421183,transfer,1_0x112084b7d61702cf45d0917187fbb775c5b783a049a2d9003f13d14d074be5e1,1_0x09bddabe4216ab0657c8a96df92793f4a258677e,1_0x28c6c06298d514db089934071355e5743bf21d60,1_native
1_0x39d392a039e5a79f4b42aef0cee39d864588ca42d02bedd26107daaeb85583a8_136,136,2025182000000000000,transfer,1_0x39d392a039e5a79f4b42aef0cee39d864588ca42d02bedd26107daaeb85583a8,1_0xc78ba4c6465aa36994c93b49f21f68526ffe3c49,1_0xf60c2ea62edbfe808163751dd0d8693dcb30019c,1_native
1_0x976991f9bbb74a5c805521d0bc45c118f644ae46204e0b3515f48586ee1ea65d_137,137,125838712964573386,transfer,1_0x976991f9bbb74a5c805521d0bc45c118f644ae46204e0b3515f48586ee1ea65d,1_0x4e32b054c412ebe4b5de70857d260dbb17405aba,1_0x28c6c06298d514db089934071355e5743bf21d60,1_native
1_0x9e386fd93775bd784c1771c2e7806373d4237de5cb522aaaed02b5c61a63f278_139,139,275164190423382000,transfer,1_0x9e386fd93775bd784c1771c2e7806373d4237de5cb522aaaed02b5c61a63f278,1_0x9cc3a24caf43b9071ec3e93a0e655b562108e5b5,1_0x28c6c06298d514db089934071355e5743bf21d60,1_native
1_0x21779dd7355815426541d14ea1452c6f9032f659ee89e1b96d24c1537a9643f0_142,142,835234870239382346,transfer,1_0x21779dd7355815426541d14ea1452c6f9032f659ee89e1b96d24c1537a9643f0,1_0x4e5fbf34d37d2caaa5bde1b2cde181190d55b4d4,1_0x28c6c06298d514db089934071355e5743bf21d60,1_native
1_0xb449589521f9fca7ea763e68a028d5ac6190aefcd47df347816d545f2f284471_144,144,94680401932022000,transfer,1_0xb449589521f9fca7ea763e68a028d5ac6190aefcd47df347816d545f2f284471,1_0x342d0c672253bef4e4271d1ec2672b0466c11b82,1_0x28c6c06298d514db089934071355e5743bf21d60,1_native
1_0x41f2225cdf1d20914302ce958d83817f85f90b90d4126f9db89dcab7e985d58e_145,145,82876170977929000,transfer,1_0x41f2225cdf1d20914302ce958d83817f85f90b90d4126f9db89dcab7e985d58e,1_0xc31ab32a3448961a98a8d6f3dec46ea1e0550527,1_0x28c6c06298d514db089934071355e5743bf21d60,1_native
1_0xbdf8ad8555901714cee0a601c3da9fea2f45774da28626bf6fb1c56fcdb5e58a_146,146,237879531374684329,transfer,1_0xbdf8ad8555901714cee0a601c3da9fea2f45774da28626bf6fb1c56fcdb5e58a,1_0x181f01643d899097b8d52996180632882afa867e,1_0x28c6c06298d514db089934071355e5743bf21d60,1_native
1_0x6145edf36290c77d8058aad0999f5689d6f80b14169100eb2bc3a3f4829f7cd4_147,147,108457528808811000,transfer,1_0x6145edf36290c77d8058aad0999f5689d6f80b14169100eb2bc3a3f4829f7cd4,1_0xfe042ae8548ec8a7aee1b24111f63987512d66ab,1_0x28c6c06298d514db089934071355e5743bf21d60,1_native
1_0xf337e5343cae316d617f9103fde78002a229c52197f2872592de93fc1c174dc4_148,148,1354100398406806000,transfer,1_0xf337e5343cae316d617f9103fde78002a229c52197f2872592de93fc1c174dc4,1_0xdb5500dacf6ae6515819fe2379a0b3d42269019c,1_0x28c6c06298d514db089934071355e5743bf21d60,1_native
1_0x7ce56a390695a5eb8a0216b6fb411b9a43f20c422c91d56061971a0a7c8d2c6a_149,149,3503113792435656483,transfer,1_0x7ce56a390695a5eb8a0216b6fb411b9a43f20c422c91d56061971a0a7c8d2c6a,1_0xfceb2ec2aa6171ea90bec953fcd12a2c774c819d,1_0x28c6c06298d514db089934071355e5743bf21d60,1_native
1_0xafc6b5a2054906b460a1ac0666d14bd59838b2668a09c1d06f2fd729e9f18f7d_150,150,20000000000000000,transfer,1_0xafc6b5a2054906b460a1ac0666d14bd59838b2668a09c1d06f2fd729e9f18f7d,1_0x9430801ebaf509ad49202aabc5f5bc6fd8a3daf8,1_0xb89bd5c942914289fdf4356e1be25f9a8824343f,1_native
1_0x0e98365c96efead21690f0742c05bc28c3a0196a4104cb9a55c187fa5e954ea8_151,151,250000000000000000,transfer,1_0x0e98365c96efead21690f0742c05bc28c3a0196a4104cb9a55c187fa5e954ea8,1_0xcdaa0a87f5e6128a5089e56a35381988fe82cc50,1_0xc02aaa39b223fe8d0a0e5c4f27ead9083c756cc2,1_native
1_0x01de362a491c4c3c935b1e8f260e68415b3436a52a2021ba0a47966c784f9542_152,152,92285291186842000,transfer,1_0x01de362a491c4c3c935b1e8f260e68415b3436a52a2021ba0a47966c784f9542,1_0x6220ce7e7203267c8b7d4deaf679627561d05b46,1_0x28c6c06298d514db089934071355e5743bf21d60,1_native
1_0xd18a6b00d8e311987642cc5124b5da5edf011d54979088fcc16d2ed7aebc5c7a_153,153,1304629627926264000,transfer,1_0xd18a6b00d8e311987642cc5124b5da5edf011d54979088fcc16d2ed7aebc5c7a,1_0x30cc4096861925584aed2121c28ef7873c4c7c32,1_0xfa9f7a1cbfbcb688729c522b4f0905ccf4d26d25,1_native
1_0x490ac5d4f9409e00045ee978d4165bfe67d3e44a639aeff1c4b71de1029506c9_161,161,400000000000000000,transfer,1_0x490ac5d4f9409e00045ee978d4165bfe67d3e44a639aeff1c4b71de1029506c9,1_0x264733d825a749a1c1168551303abf4f3f71b46a,1_0x0e8bff23f229d98e422f51b86c7eb2d3efab96bf,1_native
1_0xa8b72587188dba109d5a883dca3648ceef1db51b717d64b863b3a7706bee804d_162,162,20000000000000000,transfer,1_0xa8b72587188dba109d5a883dca3648ceef1db51b717d64b863b3a7706bee804d,1_0x2e0239b77856efd5ab20b3d09dc0eb494b3e522d,1_0x5572303165aa526a52f0c69b2215d292e734af13,1_native
1_0x80054e257682e6422513ed0556e7fa6a88f665363b0b03e445c3ee12e876bdf8_171,171,22000000000000000,transfer,1_0x80054e257682e6422513ed0556e7fa6a88f665363b0b03e445c3ee12e876bdf8,1_0xdc0548af1b43ede7c431ce23d828970c67e91c64,1_0x6deed5cf156b13beb9197215270615a3d0bc55ee,1_native
1_0x80054e257682e6422513ed0556e7fa6a88f665363b0b03e445c3ee12e876bdf8_172,172,22000000000000000,transfer,1_0x80054e257682e6422513ed0556e7fa6a88f665363b0b03e445c3ee12e876bdf8,1_0x6deed5cf156b13beb9197215270615a3d0bc55ee,1_0x306821d2f66e1aa61eb2a2d904da6489b8491713,1_native
1_0x3d5d01787828ac49ad8d1c1ddda8e68512ae19d6ca405b91fa7c905e41ee28dc_212,212,190000000000000000,transfer,1_0x3d5d01787828ac49ad8d1c1ddda8e68512ae19d6ca405b91fa7c905e41ee28dc,1_0xc02aaa39b223fe8d0a0e5c4f27ead9083c756cc2,1_0x62ce1d739b9bc6ab5f716a772ea585425d3843b1,1_native
1_0x059e5f7d95db0832473043448d31dd351a653eae6ab7513dda0c640a9c6a0ba0_223,223,90000000000000000,transfer,1_0x059e5f7d95db0832473043448d31dd351a653eae6ab7513dda0c640a9c6a0ba0,1_0x0149ed51d951ac20eb56a49c6b1850d60c59711c,1_0x68b3465833fb72a70ecdf485e0e4c7bd8665fc45,1_native
1_0x059e5f7d95db0832473043448d31dd351a653eae6ab7513dda0c640a9c6a0ba0_224,224,90000000000000000,transfer,1_0x059e5f7d95db0832473043448d31dd351a653eae6ab7513dda0c640a9c6a0ba0,1_0x68b3465833fb72a70ecdf485e0e4c7bd8665fc45,1_0x68b3465833fb72a70ecdf485e0e4c7bd8665fc45,1_native
1_0x059e5f7d95db0832473043448d31dd351a653eae6ab7513dda0c640a9c6a0ba0_225,225,90000000000000000,transfer,1_0x059e5f7d95db0832473043448d31dd351a653eae6ab7513dda0c640a9c6a0ba0,1_0x68b3465833fb72a70ecdf485e0e4c7bd8665fc45,1_0xc02aaa39b223fe8d0a0e5c4f27ead9083c756cc2,1_native
1_0xcd4e40d2b7b34fa35d3fa62ff3d7cd869444cbcd9d343647005a064a12c71d45_235,235,1158284291536027600,transfer,1_0xcd4e40d2b7b34fa35d3fa62ff3d7cd869444cbcd9d343647005a064a12c71d45,1_0x272334d31fe14f3f0da1e30fb8afa3f244ca9535,1_0xdef1c0ded9bec7f1a1670819833240f027b25eff,1_native
1_0xcd4e40d2b7b34fa35d3fa62ff3d7cd869444cbcd9d343647005a064a12c71d45_236,236,1158284291536027600,transfer,1_0xcd4e40d2b7b34fa35d3fa62ff3d7cd869444cbcd9d343647005a064a12c71d45,1_0xdef1c0ded9bec7f1a1670819833240f027b25eff,1_0x44a6999ec971cfca458aff25a808f272f6d492a2,1_native
1_0xcd4e40d2b7b34fa35d3fa62ff3d7cd869444cbcd9d343647005a064a12c71d45_239,239,1158284291536027600,transfer,1_0xcd4e40d2b7b34fa35d3fa62ff3d7cd869444cbcd9d343647005a064a12c71d45,1_0xdef1c0ded9bec7f1a1670819833240f027b25eff,1_0x22f9dcf4647084d6c31b2765f6910cd85c178c18,1_native
1_0xcd4e40d2b7b34fa35d3fa62ff3d7cd869444cbcd9d343647005a064a12c71d45_242,242,1158284291536027600,transfer,1_0xcd4e40d2b7b34fa35d3fa62ff3d7cd869444cbcd9d343647005a064a12c71d45,1_0x22f9dcf4647084d6c31b2765f6910cd85c178c18,1_0xc02aaa39b223fe8d0a0e5c4f27ead9083c756cc2,1_native
1_0x8213c0fb9a00898b1693c9a942c6e477bfaae0b1c0bd47e883aa05b59bf081e1_276,276,52437368471208896,transfer,1_0x8213c0fb9a00898b1693c9a942c6e477bfaae0b1c0bd47e883aa05b59bf081e1,1_0x12d27c5b6870642136344f776aabd97a5b6b0c20,1_0x29d5527caa78f1946a409fa6acaf14a0a4a0274b,1_native
1_0xfd0fce4fb18c26933f646004698a7f910ff5b91f3c92788e40bc36487aeac7af_284,284,12300000000000000,transfer,1_0xfd0fce4fb18c26933f646004698a7f910ff5b91f3c92788e40bc36487aeac7af,1_0xc443727503ff057e36d12f45dad99a8af851c883,1_0x00000000006c3852cbef3e08e8df289169ede581,1_native
1_0xfd0fce4fb18c26933f646004698a7f910ff5b91f3c92788e40bc36487aeac7af_290,290,307500000000000,transfer,1_0xfd0fce4fb18c26933f646004698a7f910ff5b91f3c92788e40bc36487aeac7af,1_0x00000000006c3852cbef3e08e8df289169ede581,1_0x0000a26b00c1f0df003000390027140000faa719,1_native
1_0xfd0fce4fb18c26933f646004698a7f910ff5b91f3c92788e40bc36487aeac7af_291,291,615000000000000,transfer,1_0xfd0fce4fb18c26933f646004698a7f910ff5b91f3c92788e40bc36487aeac7af,1_0x00000000006c3852cbef3e08e8df289169ede581,1_0x88ae9b800ad8cd6c4608564083c2cc1ffcf5f9e8,1_native
1_0xfd0fce4fb18c26933f646004698a7f910ff5b91f3c92788e40bc36487aeac7af_292,292,11377500000000000,transfer,1_0xfd0fce4fb18c26933f646004698a7f910ff5b91f3c92788e40bc36487aeac7af,1_0x00000000006c3852cbef3e08e8df289169ede581,1_0xa09bc35214e94708e20199179827b561e9c8d24e,1_native
1_0xbd1cc07fd023bd2bbbfb44a1a24439586f9a1d9ce3c0e6c9a14aa765af97c5d0_310,310,300000000000000000,transfer,1_0xbd1cc07fd023bd2bbbfb44a1a24439586f9a1d9ce3c0e6c9a14aa765af97c5d0,1_0x2c96eb9d9744aa007ab0555daa329c1f09cfc6bf,1_0x29d5527caa78f1946a409fa6acaf14a0a4a0274b,1_native
1_0xa11b44b24a8da1cdd2831353712d6315dd9535511287a0f857e864dca8076a99_348,348,10500581381077475,transfer,1_0xa11b44b24a8da1cdd2831353712d6315dd9535511287a0f857e864dca8076a99,1_0x3bc77fc3129827864b88b5859f9c3737f57a13ca,1_0x0bcf6ec45d7f86a1ba52ff29dc856eca913349eb,1_native
1_0xbe2ac237061b744bd788485a10618c019c72c1ccb17356e8a1c52459499a8162_30,30,5642356349055247829,transfer,1_0xbe2ac237061b744bd788485a10618c019c72c1ccb17356e8a1c52459499a8162,1_0xc02aaa39b223fe8d0a0e5c4f27ead9083c756cc2,1_0xdef171fe48cf0115b1d80b88dc8eab59176fee57,1_native
1_0xbe2ac237061b744bd788485a10618c019c72c1ccb17356e8a1c52459499a8162_33,33,5642356349055247829,transfer,1_0xbe2ac237061b744bd788485a10618c019c72c1ccb17356e8a1c52459499a8162,1_0xdef171fe48cf0115b1d80b88dc8eab59176fee57,1_0xc02aaa39b223fe8d0a0e5c4f27ead9083c756cc2,1_native
1_0x054089e9ffbee0e32b3eca69850f9320d3ef91c79101dd68d6612884f30b17c8_65,65,17920,transfer,1_0x054089e9ffbee0e32b3eca69850f9320d3ef91c79101dd68d6612884f30b17c8,1_0x1c8f6a5f009e051cab9c3851ca2da2c936b2775a,1_0xa69babef1ca67a37ffaf7a485dfff3382056e78c,1_native
1_0x054089e9ffbee0e32b3eca69850f9320d3ef91c79101dd68d6612884f30b17c8_66,66,17920,transfer,1_0x054089e9ffbee0e32b3eca69850f9320d3ef91c79101dd68d6612884f30b17c8,1_0xa69babef1ca67a37ffaf7a485dfff3382056e78c,1_0xebd64b5f2e3028fb887d40cc69570d2c59b16bdc,1_native
1_0x054089e9ffbee0e32b3eca69850f9320d3ef91c79101dd68d6612884f30b17c8_73,73,2554529782324014,transfer,1_0x054089e9ffbee0e32b3eca69850f9320d3ef91c79101dd68d6612884f30b17c8,1_0xa69babef1ca67a37ffaf7a485dfff3382056e78c,1_0x95222290dd7278aa3ddd389cc1e1d165cc4bafe5,1_native
1_0x8bed5bf916554d89466e2dc475245a3fbb96ac399ebfd6f5e6c7914429a5b0db_74,74,3584,transfer,1_0x8bed5bf916554d89466e2dc475245a3fbb96ac399ebfd6f5e6c7914429a5b0db,1_0x431b5a84acc1297eda88259f300262f1bc3a74f3,1_0xa69babef1ca67a37ffaf7a485dfff3382056e78c,1_native
1_0x8bed5bf916554d89466e2dc475245a3fbb96ac399ebfd6f5e6c7914429a5b0db_75,75,3584,transfer,1_0x8bed5bf916554d89466e2dc475245a3fbb96ac399ebfd6f5e6c7914429a5b0db,1_0xa69babef1ca67a37ffaf7a485dfff3382056e78c,1_0xd6419f809083615b03f4f6e5f58c067c969bee59,1_native
1_0x8bed5bf916554d89466e2dc475245a3fbb96ac399ebfd6f5e6c7914429a5b0db_88,88,2093807382306058,transfer,1_0x8bed5bf916554d89466e2dc475245a3fbb96ac399ebfd6f5e6c7914429a5b0db,1_0xa69babef1ca67a37ffaf7a485dfff3382056e78c,1_0x95222290dd7278aa3ddd389cc1e1d165cc4bafe5,1_native
1_0xb1836231be8f4c7bfc09a1d4b690735490ea19a649242d09c72914c29bdd6399_386,386,50000000000000000,transfer,1_0xb1836231be8f4c7bfc09a1d4b690735490ea19a649242d09c72914c29bdd6399,1_0xe7ef24aa6dea79767eac7608662ddd8f19b93066,1_0x7a250d5630b4cf539739df2c5dacb4c659f2488d,1_native
1_0xb1836231be8f4c7bfc09a1d4b690735490ea19a649242d09c72914c29bdd6399_388,388,50000000000000000,transfer,1_0xb1836231be8f4c7bfc09a1d4b690735490ea19a649242d09c72914c29bdd6399,1_0x7a250d5630b4cf539739df2c5dacb4c659f2488d,1_0xc02aaa39b223fe8d0a0e5c4f27ead9083c756cc2,1_native
1_0xaf391ebe9fa10e1531125b90bb7f35e9c6d56a93948b6a43fccbbd1bd806ee2a_422,422,702588341022509,transfer,1_0xaf391ebe9fa10e1531125b90bb7f35e9c6d56a93948b6a43fccbbd1bd806ee2a,1_0x6596da8b65995d5feacff8c2936f0b7a2051b0d0,1_0xa4965efe52398c34cdbe2cb4d732204e30ebd851,1_native
1_0x922f18b63d6e2fee0a0bb78afab199ce04e0974d512126973ec1dc6f1ba5b665_865,865,61396545240000,transfer,1_0x922f18b63d6e2fee0a0bb78afab199ce04e0974d512126973ec1dc6f1ba5b665,1_0xae45a8240147e6179ec7c9f92c5a18f9a97b3fca,1_0x275515dd5154c66843994a47e3d9e2f68de2216b,1_native
1_0x8dccb024b5cb79d1ecb3c11c99fbe314313647e8e4a84bf6fc76a57061ae5f7c_866,866,137033192936404,transfer,1_0x8dccb024b5cb79d1ecb3c11c99fbe314313647e8e4a84bf6fc76a57061ae5f7c,1_0xae45a8240147e6179ec7c9f92c5a18f9a97b3fca,1_0x754172d561258a26c6600c34f211e55c535408ca,1_native
1_0x82c76cf7cb0033446a9090085966ac9d11cfdb92884f56e6566ada2ba7f52e72_867,867,42374872248894,transfer,1_0x82c76cf7cb0033446a9090085966ac9d11cfdb92884f56e6566ada2ba7f52e72,1_0xae45a8240147e6179ec7c9f92c5a18f9a97b3fca,1_0x6b45a8fef68da30973400c04b0dd694c8be080a6,1_native
1_0x48cf1578058d1de02a6aad5756394b74fd287c211c94029d523afa2d74df2d5a_869,869,137751190000000000,transfer,1_0x48cf1578058d1de02a6aad5756394b74fd287c211c94029d523afa2d74df2d5a,1_0x10774202e45b3fcbc4c7613bba9d583ad853037b,1_0xd5eab5726bcd05a62becc74bdac5df9c7fa93622,1_native
1_0x483568635e9435dc117a0386145194c9a02afc0fe61bd3de8dc1d98d0bd7cdde_871,871,33087380000000000,transfer,1_0x483568635e9435dc117a0386145194c9a02afc0fe61bd3de8dc1d98d0bd7cdde,1_0xfe7c4bf0cd9cc080d38933c2680d08a939b4be2d,1_0x6dfc34609a05bc22319fa4cce1d1e2929548c0d7,1_native
1_0x60a39aadbda84d709fac249bb9c321218b0cc11c86302d2a7627955945bb6c50_872,872,1051782014213651162,transfer,1_0x60a39aadbda84d709fac249bb9c321218b0cc11c86302d2a7627955945bb6c50,1_0x95222290dd7278aa3ddd389cc1e1d165cc4bafe5,1_0xe35bbafa0266089f95d745d348b468622805d82b,1_native
