account_sid,address,type
1_0x21ddf1db140aa2855f3a1c4377ea35e4a097a1c3,0x21ddf1db140aa2855f3a1c4377ea35e4a097a1c3,unknown
1_0x00000000006c3852cbef3e08e8df289169ede581,0x00000000006c3852cbef3e08e8df289169ede581,unknown
1_0x1e0049783f008a0085193e00003d00cd54003c71,0x1e0049783f008a0085193e00003d00cd54003c71,unknown
1_0x6ad467ba1a49e805ba4f7dfeb1e7000c96d4a3e3,0x6ad467ba1a49e805ba4f7dfeb1e7000c96d4a3e3,unknown
1_0x520d4e8a9dc6001e6e25c501c372c9ef1d517083,0x520d4e8a9dc6001e6e25c501c372c9ef1d517083,unknown
1_0xb948f35c1c35206a5fb23b77f9e52a01b793c909,0xb948f35c1c35206a5fb23b77f9e52a01b793c909,unknown
1_0xae45a8240147e6179ec7c9f92c5a18f9a97b3fca,0xae45a8240147e6179ec7c9f92c5a18f9a97b3fca,unknown
1_0xdd22de874fdf682e4b7975ded8b3cc3d585ff29e,0xdd22de874fdf682e4b7975ded8b3cc3d585ff29e,unknown
1_0x7a250d5630b4cf539739df2c5dacb4c659f2488d,0x7a250d5630b4cf539739df2c5dacb4c659f2488d,unknown
1_0x4f9a7bf2d9bd584f2e2fbc839b6d5be1dab57b59,0x4f9a7bf2d9bd584f2e2fbc839b6d5be1dab57b59,unknown
1_0xcc88036fa05c86129bf66260c2a905ab2c7b663c,0xcc88036fa05c86129bf66260c2a905ab2c7b663c,unknown
1_0xd2a97db15f6dd9f96172e5d363a786aa1c8cff04,0xd2a97db15f6dd9f96172e5d363a786aa1c8cff04,unknown
1_0x1689a089aa12d6cbbd88bc2755e4c192f8702000,0x1689a089aa12d6cbbd88bc2755e4c192f8702000,unknown
1_0xbe2808fe8689198539f5968fc3385cdc722a5960,0xbe2808fe8689198539f5968fc3385cdc722a5960,unknown
1_0x4ba86ca2797691d1af5af268c92f63c1df5bf366,0x4ba86ca2797691d1af5af268c92f63c1df5bf366,unknown
1_0xab5622d7da96c571c6abe08e4b85e462eb666e4f,0xab5622d7da96c571c6abe08e4b85e462eb666e4f,unknown
1_0x06012c8cf97bead5deae237070f9587f8e7a266d,0x06012c8cf97bead5deae237070f9587f8e7a266d,unknown
1_0xdcdf0feeede933ceafc6131b663f1ee210ac61ae,0xdcdf0feeede933ceafc6131b663f1ee210ac61ae,unknown
1_0xbf0b689aaf679f3930276e3784eb9f0319de5f88,0xbf0b689aaf679f3930276e3784eb9f0319de5f88,unknown
1_0xc02aaa39b223fe8d0a0e5c4f27ead9083c756cc2,0xc02aaa39b223fe8d0a0e5c4f27ead9083c756cc2,unknown
1_0x5e4d6ecae53d8f837364213321201df1754c05a8,0x5e4d6ecae53d8f837364213321201df1754c05a8,unknown
1_0xc0c0a8261b04e171bfe59c3628d69b5568cfa316,0xc0c0a8261b04e171bfe59c3628d69b5568cfa316,unknown
1_0xcbcfc1b6846fe4952cd7ec496b6d76fe5789f889,0xcbcfc1b6846fe4952cd7ec496b6d76fe5789f889,unknown
1_0xe48d44c3fffce79f8a35d2c8f5e6c0838b3bb892,0xe48d44c3fffce79f8a35d2c8f5e6c0838b3bb892,unknown
1_0x02332a565a2940a6483d7db9ec5a5e8226870c59,0x02332a565a2940a6483d7db9ec5a5e8226870c59,unknown
1_0x0090be9ba80a5750264f938f0966c93d3dc47698,0x0090be9ba80a5750264f938f0966c93d3dc47698,unknown
1_0x99a58482bd75cbab83b27ec03ca68ff489b5788f,0x99a58482bd75cbab83b27ec03ca68ff489b5788f,unknown
1_0xa0b86991c6218b36c1d19d4a2e9eb0ce3606eb48,0xa0b86991c6218b36c1d19d4a2e9eb0ce3606eb48,unknown
1_0xbebc44782c7db0a1a60cb6fe97d0b483032ff1c7,0xbebc44782c7db0a1a60cb6fe97d0b483032ff1c7,unknown
1_0xcb436c3da5eff7581f277d8301c6986fa865d466,0xcb436c3da5eff7581f277d8301c6986fa865d466,unknown
1_0xfbffb6af3434c7e4f28a68c3cc10bf8082968da6,0xfbffb6af3434c7e4f28a68c3cc10bf8082968da6,unknown
1_0xc4a5025c4563ad0acc09d92c2506e6744dad58eb,0xc4a5025c4563ad0acc09d92c2506e6744dad58eb,unknown
1_0xc8557c93305f58ce6733c0f9fbd3413c8ebe4dc6,0xc8557c93305f58ce6733c0f9fbd3413c8ebe4dc6,unknown
1_0xf60c2ea62edbfe808163751dd0d8693dcb30019c,0xf60c2ea62edbfe808163751dd0d8693dcb30019c,unknown
1_0xc7b85e26fb7e807326d944ba71752c896ebe103c,0xc7b85e26fb7e807326d944ba71752c896ebe103c,unknown
1_0x1c63963685e5e83f921aec073eff44fdbd693406,0x1c63963685e5e83f921aec073eff44fdbd693406,unknown
1_0x456a713a786aab801a762ffcf87f12044fa00b76,0x456a713a786aab801a762ffcf87f12044fa00b76,unknown
1_0x62455826ae32118be50b59948dc63519d50f1262,0x62455826ae32118be50b59948dc63519d50f1262,unknown
1_0x603ffd27c2914cf22851eda2c2e5bea13338027a,0x603ffd27c2914cf22851eda2c2e5bea13338027a,unknown
1_0x4155330473df197c0823b52e32e1a36657d85742,0x4155330473df197c0823b52e32e1a36657d85742,unknown
1_0x875d302cde9ab9e8f6f16ae4373f1cf073db0994,0x875d302cde9ab9e8f6f16ae4373f1cf073db0994,unknown
1_0x110ceb8723bd40dc0124e223d13c18be8369167b,0x110ceb8723bd40dc0124e223d13c18be8369167b,unknown
1_0x34bf571ada242ba0386bf287f436cf15c7c1a598,0x34bf571ada242ba0386bf287f436cf15c7c1a598,unknown
1_0xca0ab9d58e34fadc6f713ac234d632f2d054532f,0xca0ab9d58e34fadc6f713ac234d632f2d054532f,unknown
1_0xf89d7b9c864f589bbf53a82105107622b35eaa40,0xf89d7b9c864f589bbf53a82105107622b35eaa40,unknown
1_0xa233acbcf05573bf159944773c6415fa63974c4e,0xa233acbcf05573bf159944773c6415fa63974c4e,unknown
1_0x44e9d011df8741be2493e99297e9ad67bb1aa85b,0x44e9d011df8741be2493e99297e9ad67bb1aa85b,unknown
1_0x3ac8254bbe043ebe31ea2e6231fad279800c6e63,0x3ac8254bbe043ebe31ea2e6231fad279800c6e63,unknown
1_0x90e34f5df30f0510d32bb5e35816a2204e241feb,0x90e34f5df30f0510d32bb5e35816a2204e241feb,unknown
1_0x8b01151b9225b37fe6b8cc1272733e0407293800,0x8b01151b9225b37fe6b8cc1272733e0407293800,unknown
1_0x9696f59e4d72e237be84ffd425dcad154bf96976,0x9696f59e4d72e237be84ffd425dcad154bf96976,unknown
1_0xdfd5293d8e347dfe59e90efd55b2956a1343963d,0xdfd5293d8e347dfe59e90efd55b2956a1343963d,unknown
1_0x9be89d2a4cd102d8fecc6bf9da793be995c22541,0x9be89d2a4cd102d8fecc6bf9da793be995c22541,unknown
1_0x21a31ee1afc51d94c2efccaa2092ad1028285549,0x21a31ee1afc51d94c2efccaa2092ad1028285549,unknown
1_0x6f9cee855cb1f362f31256c65e1709222e0f2037,0x6f9cee855cb1f362f31256c65e1709222e0f2037,unknown
1_0x387f4e215ac1299a125e905aed48e9c6ea5c4470,0x387f4e215ac1299a125e905aed48e9c6ea5c4470,unknown
1_0xe66b31678d6c16e9ebf358268a790b763c133750,0xe66b31678d6c16e9ebf358268a790b763c133750,unknown
1_0xdef1c0ded9bec7f1a1670819833240f027b25eff,0xdef1c0ded9bec7f1a1670819833240f027b25eff,unknown
1_0xa6c6b56c70abf14ed63edaffb45bb82a64454a77,0xa6c6b56c70abf14ed63edaffb45bb82a64454a77,unknown
1_0xec12a04d45b67a7c359d2b2442c8804c86d58d77,0xec12a04d45b67a7c359d2b2442c8804c86d58d77,unknown
1_0x5dd417fd603f53a3e50d19deef7cbfe97c7b90bc,0x5dd417fd603f53a3e50d19deef7cbfe97c7b90bc,unknown
1_0x4fabb145d64652a948d72533023f6e7a623c7c53,0x4fabb145d64652a948d72533023f6e7a623c7c53,unknown
1_0xf75e8e867cdc7a195ef051b52e3031fbd0059b63,0xf75e8e867cdc7a195ef051b52e3031fbd0059b63,unknown
1_0xf849de01b080adc3a814fabe1e2087475cf2e354,0xf849de01b080adc3a814fabe1e2087475cf2e354,unknown
1_0x29d5527caa78f1946a409fa6acaf14a0a4a0274b,0x29d5527caa78f1946a409fa6acaf14a0a4a0274b,unknown
1_0xae0fd81b40ab4da7c8e0bbdc5e26e6341c1d62bf,0xae0fd81b40ab4da7c8e0bbdc5e26e6341c1d62bf,unknown
1_0x44e94034afce2dd3cd5eb62528f239686fc8f162,0x44e94034afce2dd3cd5eb62528f239686fc8f162,unknown
1_0xf03f8ed5d0cc1d933dc3a91cd7f73db4dd2b1366,0xf03f8ed5d0cc1d933dc3a91cd7f73db4dd2b1366,unknown
1_0x67bd29ebf8219fd5fea92334ef89fc47969f81f5,0x67bd29ebf8219fd5fea92334ef89fc47969f81f5,unknown
1_0x68b3465833fb72a70ecdf485e0e4c7bd8665fc45,0x68b3465833fb72a70ecdf485e0e4c7bd8665fc45,unknown
1_0x0b9f5cef1ee41f8cccaa8c3b4c922ab406c980cc,0x0b9f5cef1ee41f8cccaa8c3b4c922ab406c980cc,unknown
1_0x59bea327dfd352fc608801b5a0b09d7af62df616,0x59bea327dfd352fc608801b5a0b09d7af62df616,unknown
1_0x828ad2904341f6026b4607a278349f5c840c4a2e,0x828ad2904341f6026b4607a278349f5c840c4a2e,unknown
1_0xdbaa28cbe70af04ebfb166b1a3e8f8034e5b9fc7,0xdbaa28cbe70af04ebfb166b1a3e8f8034e5b9fc7,unknown
1_0xeb5442e53ea30028adcfda5d8a76ac3457591e68,0xeb5442e53ea30028adcfda5d8a76ac3457591e68,unknown
1_0xd0a030f8f91eaec83a31afc793c736fe396cf0be,0xd0a030f8f91eaec83a31afc793c736fe396cf0be,unknown
1_0x0b173513f036b83dd0738aaa9bc050824512c8c9,0x0b173513f036b83dd0738aaa9bc050824512c8c9,unknown
1_0x9ce91fec8421881b3643a2cb3fbd5b705bc40273,0x9ce91fec8421881b3643a2cb3fbd5b705bc40273,unknown
1_0xdd92a572bb0a4dc1422b0337301d98826ad0b0ca,0xdd92a572bb0a4dc1422b0337301d98826ad0b0ca,unknown
1_0xe6b61d478d65f32bb44b058a9d86e0b8dfc05776,0xe6b61d478d65f32bb44b058a9d86e0b8dfc05776,unknown
1_0x06450dee7fd2fb8e39061434babcfc05599a6fb8,0x06450dee7fd2fb8e39061434babcfc05599a6fb8,unknown
1_0x14db901fb7d1a4d401b8a8095cdf9b62a84ca385,0x14db901fb7d1a4d401b8a8095cdf9b62a84ca385,unknown
1_0x1550f9d63551b9ba344bce189e5aff7df2406b22,0x1550f9d63551b9ba344bce189e5aff7df2406b22,unknown
1_0xe21f871032752afe97cee07498758aba591f6a3f,0xe21f871032752afe97cee07498758aba591f6a3f,unknown
1_0x842068ce6d5f6a9e79d45dc2b51a14cbbb62a6ea,0x842068ce6d5f6a9e79d45dc2b51a14cbbb62a6ea,unknown
1_0x597d757f8502f1fe8e7dd6fc7fe884a51c5ae2b9,0x597d757f8502f1fe8e7dd6fc7fe884a51c5ae2b9,unknown
1_0x23a20598dc8b9e549a50c5387a8a0a9d3e96de82,0x23a20598dc8b9e549a50c5387a8a0a9d3e96de82,unknown
1_0x68084f93648acdf177847753564f78de3740b2b3,0x68084f93648acdf177847753564f78de3740b2b3,unknown
1_0xdab3301d07f8c1b748b576701d3e556493eea9a4,0xdab3301d07f8c1b748b576701d3e556493eea9a4,unknown
1_0xd5fbda4c79f38920159fe5f22df9655fde292d47,0xd5fbda4c79f38920159fe5f22df9655fde292d47,unknown
1_0xaa8bdb60ee28e7616bfe4867f58bfe4edf858271,0xaa8bdb60ee28e7616bfe4867f58bfe4edf858271,unknown
1_0x1963efb3b756e7d17d0e54645339e7e037705cc1,0x1963efb3b756e7d17d0e54645339e7e037705cc1,unknown
1_0x0c43098e8af3d3d27555c3fd4ccf62638d269c68,0x0c43098e8af3d3d27555c3fd4ccf62638d269c68,unknown
1_0x5f20b4583da915a50bcffa37f162028e8f0db61d,0x5f20b4583da915a50bcffa37f162028e8f0db61d,unknown
1_0xe3e34fd11dd7e67bad5625ac168dc53307892d21,0xe3e34fd11dd7e67bad5625ac168dc53307892d21,unknown
1_0xf5688cd441028b3872104a8260ae832e20cca928,0xf5688cd441028b3872104a8260ae832e20cca928,unknown
1_0x97834834b7215636e8d4ac48cb32920b26f029c7,0x97834834b7215636e8d4ac48cb32920b26f029c7,unknown
1_0xfac9400da6776b78621e4907a8009b3cda9e35a1,0xfac9400da6776b78621e4907a8009b3cda9e35a1,unknown
1_0x2fc5ce439a0ee7edd173b432c54b78a9a6adfd58,0x2fc5ce439a0ee7edd173b432c54b78a9a6adfd58,unknown
1_0x21f9151d6e06f834751b614c2ff40fc28811b235,0x21f9151d6e06f834751b614c2ff40fc28811b235,unknown
1_0x3806b99d0a0483e0d07501b31884c10e8e8b1215,0x3806b99d0a0483e0d07501b31884c10e8e8b1215,unknown
1_0xa1e43b768d5c757c05c93fea063733fb82c83ab7,0xa1e43b768d5c757c05c93fea063733fb82c83ab7,unknown
1_0x4fb32fce97bf9e16b525b379802fb171fb869526,0x4fb32fce97bf9e16b525b379802fb171fb869526,unknown
1_0x9c08a103cbe88720ebbcb72ab9c8232e654749c1,0x9c08a103cbe88720ebbcb72ab9c8232e654749c1,unknown
1_0xfe3de3b49d1de7eb0cb28b57ac2abfdb3f1118dd,0xfe3de3b49d1de7eb0cb28b57ac2abfdb3f1118dd,unknown
1_0x0659f8191274775377cc302fa065964c890d7e89,0x0659f8191274775377cc302fa065964c890d7e89,unknown
1_0x1ac3bdcc931fc78ffe1d9280f737d69b0c51c74e,0x1ac3bdcc931fc78ffe1d9280f737d69b0c51c74e,unknown
1_0x8e8f818d3371f797a2db7edb32803607c8b3c6a9,0x8e8f818d3371f797a2db7edb32803607c8b3c6a9,unknown
1_0x98c3d3183c4b8a650614ad179a1a98be0a8d6b8e,0x98c3d3183c4b8a650614ad179a1a98be0a8d6b8e,unknown
1_0xc730ef0f4973da9cc0ab8ab291890d3e77f58f79,0xc730ef0f4973da9cc0ab8ab291890d3e77f58f79,unknown
1_0x18aaa7115705e8be94bffebde57af9bfc265b998,0x18aaa7115705e8be94bffebde57af9bfc265b998,unknown
1_0x5b407fb13c790d663ad80995eefc9b106dfa968a,0x5b407fb13c790d663ad80995eefc9b106dfa968a,unknown
1_0x7ed6a90ff438cfe822c8d8ddcb8e05295753f874,0x7ed6a90ff438cfe822c8d8ddcb8e05295753f874,unknown
1_0x9c910a749b9fc774d7079aee0cc20deb7c69dd56,0x9c910a749b9fc774d7079aee0cc20deb7c69dd56,unknown
1_0xd63f51122663aba57079af86a67f70c0ee8cc401,0xd63f51122663aba57079af86a67f70c0ee8cc401,unknown
1_0x48dacfb883a452af47404650f7538e6e0893cc56,0x48dacfb883a452af47404650f7538e6e0893cc56,unknown
1_0xff7528c341e2374c68eb37272dba892ff5d2f91d,0xff7528c341e2374c68eb37272dba892ff5d2f91d,unknown
1_0x2dcb781aa4f8e76c6dcdad3220136da9c29e3aa9,0x2dcb781aa4f8e76c6dcdad3220136da9c29e3aa9,unknown
1_0x09a31e9ea6490991995d4ecec3c5748b993064fd,0x09a31e9ea6490991995d4ecec3c5748b993064fd,unknown
1_0x978c8619d3812efcec0e2bd762a71f5e9da1f8c6,0x978c8619d3812efcec0e2bd762a71f5e9da1f8c6,unknown
1_0x61fda88dd761b8c79e5e03725ed7ba9ce3b10193,0x61fda88dd761b8c79e5e03725ed7ba9ce3b10193,unknown
1_0x283af0b28c62c092c9727f1ee09c02ca627eb7f5,0x283af0b28c62c092c9727f1ee09c02ca627eb7f5,unknown
1_0xcf7fe2e614f568989869f4aade060f4eb8a105be,0xcf7fe2e614f568989869f4aade060f4eb8a105be,unknown
1_0x5f4ec3df9cbd43714fe2740f5e3616155c5b8419,0x5f4ec3df9cbd43714fe2740f5e3616155c5b8419,unknown
1_0x57f1887a8bf19b14fc0df6fd9b2acc9af147ea85,0x57f1887a8bf19b14fc0df6fd9b2acc9af147ea85,unknown
1_0x4976fb03c32e5b8cfe2b6ccb31c09ba78ebaba41,0x4976fb03c32e5b8cfe2b6ccb31c09ba78ebaba41,unknown
1_0xb082b15d0a7b21bf00c307be8881b36c8436e0e2,0xb082b15d0a7b21bf00c307be8881b36c8436e0e2,unknown
1_0x6d9ed472da62b604ed479026185995889ae8f80e,0x6d9ed472da62b604ed479026185995889ae8f80e,unknown
1_0x20977658df98841d72d001bae43c5501553eabe9,0x20977658df98841d72d001bae43c5501553eabe9,unknown
1_0x99027c41f74b38862f53bda999881d8389fc6a92,0x99027c41f74b38862f53bda999881d8389fc6a92,unknown
1_0xcdaa5751234c1945e8979e2ac64f2b4270f61af4,0xcdaa5751234c1945e8979e2ac64f2b4270f61af4,unknown
1_0xa10959e323e77773873a0762d88edd25fd2dc97e,0xa10959e323e77773873a0762d88edd25fd2dc97e,unknown
1_0x35ec7d9437758ff303446420c111ffddaed43202,0x35ec7d9437758ff303446420c111ffddaed43202,unknown
1_0xb7f6618f9e20fb56d5337000a90e540f4005c696,0xb7f6618f9e20fb56d5337000a90e540f4005c696,unknown
1_0xa2733910e1faddd5f4d2ce2509663cf8662149c4,0xa2733910e1faddd5f4d2ce2509663cf8662149c4,unknown
1_0xe8c3d14013c641cbf56f6db304be1e72e157f88f,0xe8c3d14013c641cbf56f6db304be1e72e157f88f,unknown
1_0x4126ad8c9a4e3e1fec4082b8c7bc9f3e75ac062d,0x4126ad8c9a4e3e1fec4082b8c7bc9f3e75ac062d,unknown
1_0x7beed30332656ca4220cb2ce8e4508fb18013e8d,0x7beed30332656ca4220cb2ce8e4508fb18013e8d,unknown
1_0x8d5fc452029c36b308959f45364cb4786ecefd1e,0x8d5fc452029c36b308959f45364cb4786ecefd1e,unknown
1_0x08430b4dfb72689b4193acadefe37abde6ae93f2,0x08430b4dfb72689b4193acadefe37abde6ae93f2,unknown
1_0x6522cb212d39b85770a99e1870982f25403a2940,0x6522cb212d39b85770a99e1870982f25403a2940,unknown
1_0x59728544b08ab483533076417fbbb2fd0b17ce3a,0x59728544b08ab483533076417fbbb2fd0b17ce3a,unknown
1_0xcbfeba41c3e69d24b5c8b04ed60c42cc5d883620,0xcbfeba41c3e69d24b5c8b04ed60c42cc5d883620,unknown
1_0x9ba628f27aac9b2d78a9f2bf40a8a6df4ccd9e2c,0x9ba628f27aac9b2d78a9f2bf40a8a6df4ccd9e2c,unknown
1_0xf42aa99f011a1fa7cda90e5e98b277e306bca83e,0xf42aa99f011a1fa7cda90e5e98b277e306bca83e,unknown
1_0x54e1126406ad2b92673e576c9d392de8cba9daad,0x54e1126406ad2b92673e576c9d392de8cba9daad,unknown
1_0x0a252663dbcc0b073063d6420a40319e438cfa59,0x0a252663dbcc0b073063d6420a40319e438cfa59,unknown
1_0x32fd862750d7ac3a8b659761e6928bcebaea6556,0x32fd862750d7ac3a8b659761e6928bcebaea6556,unknown
1_0xd4fde716953c8f35d15c7b666064ec6119f46ff4,0xd4fde716953c8f35d15c7b666064ec6119f46ff4,unknown
1_0x5419dd6082caf7910c252d7cf7fee6cb3b65e118,0x5419dd6082caf7910c252d7cf7fee6cb3b65e118,unknown
1_0x635cfd393cab2d2e9c42e0ab27a33d3730f2ce11,0x635cfd393cab2d2e9c42e0ab27a33d3730f2ce11,unknown
1_0x0577c97996806c248e359bdd85dae7711378d5fa,0x0577c97996806c248e359bdd85dae7711378d5fa,unknown
1_0xcdb03dcf54890c161fe793910357a60f8e86996a,0xcdb03dcf54890c161fe793910357a60f8e86996a,unknown
1_0x13b43ce1656fb5e46fae6366d7fc2927288ed6ad,0x13b43ce1656fb5e46fae6366d7fc2927288ed6ad,unknown
1_0x19c48b58a13784498986dcbb853f0ecd3b85f89d,0x19c48b58a13784498986dcbb853f0ecd3b85f89d,unknown
1_0xe118b5ebd1f02b1ed73b9b4919ce21fbc9e38cb2,0xe118b5ebd1f02b1ed73b9b4919ce21fbc9e38cb2,unknown
1_0xe80ffdf18e3a341f2caa156eaa1bf1b5bf5c6a76,0xe80ffdf18e3a341f2caa156eaa1bf1b5bf5c6a76,unknown
1_0x4eaa353231a36934d5bb556ea890a9c5d2f23aeb,0x4eaa353231a36934d5bb556ea890a9c5d2f23aeb,unknown
1_0x13946be2377aceaa003bd22713f8af1f6b9a8964,0x13946be2377aceaa003bd22713f8af1f6b9a8964,unknown
1_0xdd797b1b3b6968b1549cdf92ae8a3c2ba4816601,0xdd797b1b3b6968b1549cdf92ae8a3c2ba4816601,unknown
1_0xec687f5e86ba94dc643eee088eaccf1f6a3bbea9,0xec687f5e86ba94dc643eee088eaccf1f6a3bbea9,unknown
1_0xa00dddc14427c097d5459f79f22e429a1f37fbf3,0xa00dddc14427c097d5459f79f22e429a1f37fbf3,unknown
1_0x977044c43c89a3b25f06c0b773c1cb2a645d81bd,0x977044c43c89a3b25f06c0b773c1cb2a645d81bd,unknown
1_0xef17c85a3e2e6d762ee1cc6a8ae11502b566bfb7,0xef17c85a3e2e6d762ee1cc6a8ae11502b566bfb7,unknown
1_0xd22cc8f563fb9b2134befe6b2e1f41e950d38aa6,0xd22cc8f563fb9b2134befe6b2e1f41e950d38aa6,unknown
1_0x78debbc424cca83e982f9c46029cb8da79384d30,0x78debbc424cca83e982f9c46029cb8da79384d30,unknown
1_0x81925c9e8808108f892afe099f0c248a0bfdfc56,0x81925c9e8808108f892afe099f0c248a0bfdfc56,unknown
1_0x624269681b8cd2a23598782ba1ac5e0936c19656,0x624269681b8cd2a23598782ba1ac5e0936c19656,unknown
1_0xd56788b60b8eb935eee7e38b4e94ca17374ef6a8,0xd56788b60b8eb935eee7e38b4e94ca17374ef6a8,unknown
1_0x8b4a8124227fe397adc1816e6a6edbfd670a283b,0x8b4a8124227fe397adc1816e6a6edbfd670a283b,unknown
1_0x5bb03e71d45e7f94ad34a62488fe4bdfa8c9b365,0x5bb03e71d45e7f94ad34a62488fe4bdfa8c9b365,unknown
1_0x6196e24f5be73123af59a7795d9e1facfd5d7914,0x6196e24f5be73123af59a7795d9e1facfd5d7914,unknown
1_0xd58fb2f5ef1bab92c44f44123026b5c06f698779,0xd58fb2f5ef1bab92c44f44123026b5c06f698779,unknown
1_0x0b3148a23f2b68fa7b91169f5426ad7f8804d2aa,0x0b3148a23f2b68fa7b91169f5426ad7f8804d2aa,unknown
1_0x9ae88cf1933fa4e889cfbfb88420ea285231db00,0x9ae88cf1933fa4e889cfbfb88420ea285231db00,unknown
1_0x6deed5cf156b13beb9197215270615a3d0bc55ee,0x6deed5cf156b13beb9197215270615a3d0bc55ee,unknown
1_0x4b93a1979b1383a7e0803632031e02ce0cc1a024,0x4b93a1979b1383a7e0803632031e02ce0cc1a024,unknown
1_0x000000000000ad05ccc4f10045630fb830b95127,0x000000000000ad05ccc4f10045630fb830b95127,unknown
1_0x0000000000a39bb272e79075ade125fd351887ac,0x0000000000a39bb272e79075ade125fd351887ac,unknown
1_0x00000000000111abe46ff893f3b2fdf1f759a8a8,0x00000000000111abe46ff893f3b2fdf1f759a8a8,unknown
1_0x8a5a0cfa9087fb8a3c0ce36abb7c320ce7821b94,0x8a5a0cfa9087fb8a3c0ce36abb7c320ce7821b94,unknown
1_0xaf8e3482816e71e419e15c57024a67ea5336bbd4,0xaf8e3482816e71e419e15c57024a67ea5336bbd4,unknown
1_0x73c4f25051889002ad1eb7607a209182f9708f25,0x73c4f25051889002ad1eb7607a209182f9708f25,unknown
1_0xb04004aa955849739fde52da15249e65950238d3,0xb04004aa955849739fde52da15249e65950238d3,unknown
1_0x88aaf4a728e14748cea5e9a3ca1306ac567ba472,0x88aaf4a728e14748cea5e9a3ca1306ac567ba472,unknown
1_0xff10d1731c170531d3465983ad2bf1fc4ab2b963,0xff10d1731c170531d3465983ad2bf1fc4ab2b963,unknown
1_0xc76f325b3362f32f596d89abd2492823a8e25030,0xc76f325b3362f32f596d89abd2492823a8e25030,unknown
1_0x048ad0a6d74bade422ae4080f17fc311d3aaec83,0x048ad0a6d74bade422ae4080f17fc311d3aaec83,unknown
1_0xb648ed2b8a2386a0598ccd84dbb2489dc09aefc4,0xb648ed2b8a2386a0598ccd84dbb2489dc09aefc4,unknown
1_0x4dc172a203c4ca29c9557a6cb0144112f0ba2778,0x4dc172a203c4ca29c9557a6cb0144112f0ba2778,unknown
1_0x358462f384fdf46bb4632a8814d68278439624d6,0x358462f384fdf46bb4632a8814d68278439624d6,unknown
1_0x1f7872c66f4b5b4f1c7efd421ea52456dcfa8659,0x1f7872c66f4b5b4f1c7efd421ea52456dcfa8659,unknown
1_0xd3559320606e861313667806e31e3db580e8f5b0,0xd3559320606e861313667806e31e3db580e8f5b0,unknown
1_0x2a4f242a14e7ea01f6b8cf17f5f6b542e91c8e84,0x2a4f242a14e7ea01f6b8cf17f5f6b542e91c8e84,unknown
1_0x8ccd232d58724e1e5eb52c01c75566fcd5256667,0x8ccd232d58724e1e5eb52c01c75566fcd5256667,unknown
1_0x9fb0866240d2245835c1bf97d3417cbcf36834d7,0x9fb0866240d2245835c1bf97d3417cbcf36834d7,unknown
1_0x6caaa413fe3171363c1b3eca15bad41dcf31d0cf,0x6caaa413fe3171363c1b3eca15bad41dcf31d0cf,unknown
1_0xf8d357418a016d3e85f8c5ed72b3d2820f00fe72,0xf8d357418a016d3e85f8c5ed72b3d2820f00fe72,unknown
1_0x300888fe6d6c24f0abc7eb5b0dee276483e158f8,0x300888fe6d6c24f0abc7eb5b0dee276483e158f8,unknown
1_0x8a57e8e76715b0cc9898cefaac8b37f7bc42c64c,0x8a57e8e76715b0cc9898cefaac8b37f7bc42c64c,unknown
1_0x838bc13cd99b0adc645de9476a7acab42f1df5c5,0x838bc13cd99b0adc645de9476a7acab42f1df5c5,unknown
1_0x454b114a4a9a17c922cc874167683bb0e3e945cc,0x454b114a4a9a17c922cc874167683bb0e3e945cc,unknown
1_0x1b436a4b51c2d618dd672aadeb9b2692d268041b,0x1b436a4b51c2d618dd672aadeb9b2692d268041b,unknown
1_0xfe7c68d120948bcf1edb612d7a8558350a891ff1,0xfe7c68d120948bcf1edb612d7a8558350a891ff1,unknown
1_0xa0de3878fb1b44ab2d17e1e92a7a752b8e6dce28,0xa0de3878fb1b44ab2d17e1e92a7a752b8e6dce28,unknown
1_0x326ad1d195bede19802d71a309a1fa98ff2f82db,0x326ad1d195bede19802d71a309a1fa98ff2f82db,unknown
1_0x5340471a68d02dcaee94eac6be0547152d621573,0x5340471a68d02dcaee94eac6be0547152d621573,unknown
1_0x376b61f9096119c40f61f2370f357feb88efa5b5,0x376b61f9096119c40f61f2370f357feb88efa5b5,unknown
1_0x5e88f0ee6e8770d3d88f525dab7417bff86ed6a9,0x5e88f0ee6e8770d3d88f525dab7417bff86ed6a9,unknown
1_0xe013733253a4344b1838c400b78258f1d77d858d,0xe013733253a4344b1838c400b78258f1d77d858d,unknown
1_0x13a68a1b0aebf731d0a8eb04adbaf82b0dccd87e,0x13a68a1b0aebf731d0a8eb04adbaf82b0dccd87e,unknown
1_0x50341417acf1cfa66933f1ed771c487b3fe49523,0x50341417acf1cfa66933f1ed771c487b3fe49523,unknown
1_0x027e1aad40cb64ad985e0eb89b49962a3f4d8d66,0x027e1aad40cb64ad985e0eb89b49962a3f4d8d66,unknown
1_0x04ee279cd91b0f26b5f13ece3e9071fb94c0895b,0x04ee279cd91b0f26b5f13ece3e9071fb94c0895b,unknown
1_0x75d2bebae8b69dae2749bb69e27156711bd182ee,0x75d2bebae8b69dae2749bb69e27156711bd182ee,unknown
1_0xe7d6078f84c4409aee97cfb66658d9612156da94,0xe7d6078f84c4409aee97cfb66658d9612156da94,unknown
1_0xea05626cf5f88591f8ecc76731873ca9d776f9cc,0xea05626cf5f88591f8ecc76731873ca9d776f9cc,unknown
1_0x422df9dbe1baca674567251e72a580f8e8eb3520,0x422df9dbe1baca674567251e72a580f8e8eb3520,unknown
1_0xbf319e546fb351a8f38f87dd0a25632a86337015,0xbf319e546fb351a8f38f87dd0a25632a86337015,unknown
1_0x0d92d56d02d68afa953a22a3e1059c5a48c96f39,0x0d92d56d02d68afa953a22a3e1059c5a48c96f39,unknown
1_0xe7d2df2e9c62ecf775c2dbfad7515c48a1d31f1c,0xe7d2df2e9c62ecf775c2dbfad7515c48a1d31f1c,unknown
1_0x7d0eaffa76ccde148da623460e071c32733b83e8,0x7d0eaffa76ccde148da623460e071c32733b83e8,unknown
1_0xa8e7a10d2eb9f59840a7ed6d4484956124588cf3,0xa8e7a10d2eb9f59840a7ed6d4484956124588cf3,unknown
1_0x2d6c811797c018af2f8c81ad6631a685d6644639,0x2d6c811797c018af2f8c81ad6631a685d6644639,unknown
1_0xd484c1d32a036835db70ecdece57d8678467d448,0xd484c1d32a036835db70ecdece57d8678467d448,unknown
1_0x964e4c735f3b51d3477f47d69cd8048a888fb9c9,0x964e4c735f3b51d3477f47d69cd8048a888fb9c9,unknown
1_0xbae8ccb1ec9cbed7e6112df1d2e4b961a5838735,0xbae8ccb1ec9cbed7e6112df1d2e4b961a5838735,unknown
1_0x7f30ad2add488337d6704462392ca70b99d3f936,0x7f30ad2add488337d6704462392ca70b99d3f936,unknown
1_0x1855ae1fffa2bd43078614e9cfeb18f425d347ac,0x1855ae1fffa2bd43078614e9cfeb18f425d347ac,unknown
1_0xaf8b63e1812ab6d7b2ce7441e9a964ccb30bc220,0xaf8b63e1812ab6d7b2ce7441e9a964ccb30bc220,unknown
1_0xcc268d32af49997d0a1470b7521f28671065de91,0xcc268d32af49997d0a1470b7521f28671065de91,unknown
1_0x1c727a55ea3c11b0ab7d3a361fe0f3c47ce6de5d,0x1c727a55ea3c11b0ab7d3a361fe0f3c47ce6de5d,unknown
1_0x2e9f2ff5a16a80db3dd9998eee9147b5da585124,0x2e9f2ff5a16a80db3dd9998eee9147b5da585124,unknown
1_0x96fd61202a698ee3eac21e247a6b209ea5ffeb91,0x96fd61202a698ee3eac21e247a6b209ea5ffeb91,unknown
1_0x8fe6ab3382c1c4acf14629ed77223c0e1d843dda,0x8fe6ab3382c1c4acf14629ed77223c0e1d843dda,unknown
1_0x6887246668a3b87f54deb3b94ba47a6f63f32985,0x6887246668a3b87f54deb3b94ba47a6f63f32985,unknown
1_0x5e4e65926ba27467555eb562121fac00d24e9dd2,0x5e4e65926ba27467555eb562121fac00d24e9dd2,unknown
1_0xd16463ef9b0338ce3d73309028ef1714d220c024,0xd16463ef9b0338ce3d73309028ef1714d220c024,unknown
1_0xdafea492d9c6733ae3d56b7ed1adb60692c98bc5,0xdafea492d9c6733ae3d56b7ed1adb60692c98bc5,unknown
1_0xd9b34a2770d487b60ebfbf515d5511c43fe230a7,0xd9b34a2770d487b60ebfbf515d5511c43fe230a7,unknown
1_0xed9e1fcfeef0be629145c6e8f31d37194cf592ca,0xed9e1fcfeef0be629145c6e8f31d37194cf592ca,unknown
1_0xafaf83eb4f53911e78f6aed3138e6dbb53ddf1d1,0xafaf83eb4f53911e78f6aed3138e6dbb53ddf1d1,unknown
1_0x007c1f158fe296ef8e28e7fc2b9cc5a9dc7fc6ac,0x007c1f158fe296ef8e28e7fc2b9cc5a9dc7fc6ac,unknown
1_0x574d10c1c1cbbdcc3e0f4fc67954a32c3e46789a,0x574d10c1c1cbbdcc3e0f4fc67954a32c3e46789a,unknown
1_0x3377443300f395ab00f38998c61436f07b6cd053,0x3377443300f395ab00f38998c61436f07b6cd053,unknown
1_0x7fb5917a850667b92c94b2058b30933272ef7c98,0x7fb5917a850667b92c94b2058b30933272ef7c98,unknown
1_0x777d0dcc4615ccfe3e575c20219fdf0bbe8251c7,0x777d0dcc4615ccfe3e575c20219fdf0bbe8251c7,unknown
1_0xc1e088fc1323b20bcbee9bd1b9fc9546db5624c5,0xc1e088fc1323b20bcbee9bd1b9fc9546db5624c5,unknown
1_0xc9c32cd16bf7efb85ff14e0c8603cc90f6f2ee49,0xc9c32cd16bf7efb85ff14e0c8603cc90f6f2ee49,unknown
1_0x498b859d2e59958e209d7dd262324c8d31b12b12,0x498b859d2e59958e209d7dd262324c8d31b12b12,unknown
1_0xf2d47e78dea8e0f96902c85902323d2a2012b0c0,0xf2d47e78dea8e0f96902c85902323d2a2012b0c0,unknown
1_0xa8a4cf9d9b5c17167e8c921be1d0a479e6daf491,0xa8a4cf9d9b5c17167e8c921be1d0a479e6daf491,unknown
1_0xed36928bdb7db30c69417d22c95a7cb735d093a6,0xed36928bdb7db30c69417d22c95a7cb735d093a6,unknown
1_0xc60475798b470e66c17cd374ee5439c16a71006f,0xc60475798b470e66c17cd374ee5439c16a71006f,unknown
1_0x75d03702dc587aa300cb512d1ff9de5970e81d45,0x75d03702dc587aa300cb512d1ff9de5970e81d45,unknown
1_0x1ac0d638ba3eedaa328f89ebf8f4538da0715f5a,0x1ac0d638ba3eedaa328f89ebf8f4538da0715f5a,unknown
1_0x4d165eab24a525e8ce1e4aebd3ff51b3ad2d4086,0x4d165eab24a525e8ce1e4aebd3ff51b3ad2d4086,unknown
1_0xebb1ed229ac7e457d2dcf75fcfe73439af3504ec,0xebb1ed229ac7e457d2dcf75fcfe73439af3504ec,unknown
1_0xf2608a794c7216371c2b682f9a5f4ed1071e81fd,0xf2608a794c7216371c2b682f9a5f4ed1071e81fd,unknown
1_0xc1ca73722c279e7a37639df4fd41bf276e370f47,0xc1ca73722c279e7a37639df4fd41bf276e370f47,unknown
1_0x26352d20e6a05e04a1ecc75d4a43ae9989272621,0x26352d20e6a05e04a1ecc75d4a43ae9989272621,unknown
1_0x75e89d5979e4f6fba9f97c104c2f0afb3f1dcb88,0x75e89d5979e4f6fba9f97c104c2f0afb3f1dcb88,unknown
1_0xbbda162f1e3ec2d4d9d99cafd0c14b03ec4e78d3,0xbbda162f1e3ec2d4d9d99cafd0c14b03ec4e78d3,unknown
1_0x5fdcca53617f4d2b9134b29090c87d01058e27e9,0x5fdcca53617f4d2b9134b29090c87d01058e27e9,unknown
1_0xed35af169af46a02ee13b9d79eb57d6d68c1749e,0xed35af169af46a02ee13b9d79eb57d6d68c1749e,unknown
1_0x4e80744fa23cec76e1621ce0dfaceb4b1d532e12,0x4e80744fa23cec76e1621ce0dfaceb4b1d532e12,unknown
1_0xd81b943a6c526adb25e7756ab7dcdc3f410457f1,0xd81b943a6c526adb25e7756ab7dcdc3f410457f1,unknown
1_0xcac0f1a06d3f02397cfb6d7077321d73b504916e,0xcac0f1a06d3f02397cfb6d7077321d73b504916e,unknown
1_0x7776607e2e0bd61052e60d59f1fdd11dfbec27e8,0x7776607e2e0bd61052e60d59f1fdd11dfbec27e8,unknown
1_0x35c7f81e953c61ab42d0a052f0fadea82fb0f362,0x35c7f81e953c61ab42d0a052f0fadea82fb0f362,unknown
1_0xcfdc6908dbada6c5beafb6035926dcb0b6f5c602,0xcfdc6908dbada6c5beafb6035926dcb0b6f5c602,unknown
1_0x8bd4b31d17365ca4f68b778b072ccc87d78a0199,0x8bd4b31d17365ca4f68b778b072ccc87d78a0199,unknown
1_0xb8b5e97cd110406b692ce756e2818b88b2751fbc,0xb8b5e97cd110406b692ce756e2818b88b2751fbc,unknown
1_0x0e107529f2055f9c1a6a52ff8e86ecd53f411bbb,0x0e107529f2055f9c1a6a52ff8e86ecd53f411bbb,unknown
1_0x149f2f3af937b78c84f17723e663be7288b10729,0x149f2f3af937b78c84f17723e663be7288b10729,unknown
1_0x741761f51643a0d2e42a6e0b89000ada1f603de4,0x741761f51643a0d2e42a6e0b89000ada1f603de4,unknown
1_0xcecf098dc0f513c68a0003b540cbdae130dd0014,0xcecf098dc0f513c68a0003b540cbdae130dd0014,unknown
1_0xabb3738f04dc2ec20f4ae4462c3d069d02ae045b,0xabb3738f04dc2ec20f4ae4462c3d069d02ae045b,unknown
1_0xf11ed77fd65840b64602526ddc38311e9923c81b,0xf11ed77fd65840b64602526ddc38311e9923c81b,unknown
1_0xbbfc7e85534adbf673376128c4d85745daa8888b,0xbbfc7e85534adbf673376128c4d85745daa8888b,unknown
1_0x3cd751e6b0078be393132286c442345e5dc49699,0x3cd751e6b0078be393132286c442345e5dc49699,unknown
1_0x7830c87c02e56aff27fa8ab1241711331fa86f43,0x7830c87c02e56aff27fa8ab1241711331fa86f43,unknown
1_0xa9d1e08c7793af67e9d92fe308d5697fb81d3e43,0xa9d1e08c7793af67e9d92fe308d5697fb81d3e43,unknown
1_0xc7807b8ef77aa3289a2a96e9d77da92cd3475337,0xc7807b8ef77aa3289a2a96e9d77da92cd3475337,unknown
1_0x15ece0d7de25436bcfcf3d62a9085ddc7838aee9,0x15ece0d7de25436bcfcf3d62a9085ddc7838aee9,unknown
1_0x95f8030e57343f4e30e916bc3e045ac9bba417ba,0x95f8030e57343f4e30e916bc3e045ac9bba417ba,unknown
1_0x50be13b54f3eebbe415d20250598d81280e56772,0x50be13b54f3eebbe415d20250598d81280e56772,unknown
1_0xc6dcc5424ae41dec50e9444742f83cd489d5527a,0xc6dcc5424ae41dec50e9444742f83cd489d5527a,unknown
1_0x3c8d3f0dbcf2a385373b614f2e8ab68a75498e78,0x3c8d3f0dbcf2a385373b614f2e8ab68a75498e78,unknown
1_0x6e35c0d2151b04be3f7fad53f28ee099b864795e,0x6e35c0d2151b04be3f7fad53f28ee099b864795e,unknown
1_0x6767526a362ec6c6b1df185478e4f01506b73ff3,0x6767526a362ec6c6b1df185478e4f01506b73ff3,unknown
1_0x4249940c339bc3a1ac5e886697b030deb2f9ec6c,0x4249940c339bc3a1ac5e886697b030deb2f9ec6c,unknown
1_0x2088eff304facbb64ff37ae469b6e89e61390c76,0x2088eff304facbb64ff37ae469b6e89e61390c76,unknown
1_0xc03953d93812f69a29ccd0602d3304c32672fda2,0xc03953d93812f69a29ccd0602d3304c32672fda2,unknown
1_0x09bddabe4216ab0657c8a96df92793f4a258677e,0x09bddabe4216ab0657c8a96df92793f4a258677e,unknown
1_0x085c94f166f6cb72e8f63f8c268ebf82849eafc5,0x085c94f166f6cb72e8f63f8c268ebf82849eafc5,unknown
1_0xc78ba4c6465aa36994c93b49f21f68526ffe3c49,0xc78ba4c6465aa36994c93b49f21f68526ffe3c49,unknown
1_0x4e32b054c412ebe4b5de70857d260dbb17405aba,0x4e32b054c412ebe4b5de70857d260dbb17405aba,unknown
1_0x410ed1cbcea3b3990a3f27362c06c3c5d1e75d08,0x410ed1cbcea3b3990a3f27362c06c3c5d1e75d08,unknown
1_0x9cc3a24caf43b9071ec3e93a0e655b562108e5b5,0x9cc3a24caf43b9071ec3e93a0e655b562108e5b5,unknown
1_0x8672ddae20537f00980e4c41266e71693553ab3e,0x8672ddae20537f00980e4c41266e71693553ab3e,unknown
1_0x4e5fbf34d37d2caaa5bde1b2cde181190d55b4d4,0x4e5fbf34d37d2caaa5bde1b2cde181190d55b4d4,unknown
1_0xee845948e6806d12e966137caa07d49bbe632fe3,0xee845948e6806d12e966137caa07d49bbe632fe3,unknown
1_0x342d0c672253bef4e4271d1ec2672b0466c11b82,0x342d0c672253bef4e4271d1ec2672b0466c11b82,unknown
1_0xc31ab32a3448961a98a8d6f3dec46ea1e0550527,0xc31ab32a3448961a98a8d6f3dec46ea1e0550527,unknown
1_0x181f01643d899097b8d52996180632882afa867e,0x181f01643d899097b8d52996180632882afa867e,unknown
1_0xfe042ae8548ec8a7aee1b24111f63987512d66ab,0xfe042ae8548ec8a7aee1b24111f63987512d66ab,unknown
1_0xdb5500dacf6ae6515819fe2379a0b3d42269019c,0xdb5500dacf6ae6515819fe2379a0b3d42269019c,unknown
1_0xfceb2ec2aa6171ea90bec953fcd12a2c774c819d,0xfceb2ec2aa6171ea90bec953fcd12a2c774c819d,unknown
1_0x9430801ebaf509ad49202aabc5f5bc6fd8a3daf8,0x9430801ebaf509ad49202aabc5f5bc6fd8a3daf8,unknown
1_0xcdaa0a87f5e6128a5089e56a35381988fe82cc50,0xcdaa0a87f5e6128a5089e56a35381988fe82cc50,unknown
1_0x6220ce7e7203267c8b7d4deaf679627561d05b46,0x6220ce7e7203267c8b7d4deaf679627561d05b46,unknown
1_0x30cc4096861925584aed2121c28ef7873c4c7c32,0x30cc4096861925584aed2121c28ef7873c4c7c32,unknown
1_0xa7fb5ca286fc3fd67525629048a4de3ba24cba2e,0xa7fb5ca286fc3fd67525629048a4de3ba24cba2e,unknown
1_0xc77ad0a71008d7094a62cfbd250a2eb2afdf2776,0xc77ad0a71008d7094a62cfbd250a2eb2afdf2776,unknown
1_0x7ce5548593bd1f7cb6f4847bdbc06f8ca0010160,0x7ce5548593bd1f7cb6f4847bdbc06f8ca0010160,unknown
1_0x264733d825a749a1c1168551303abf4f3f71b46a,0x264733d825a749a1c1168551303abf4f3f71b46a,unknown
1_0x2e0239b77856efd5ab20b3d09dc0eb494b3e522d,0x2e0239b77856efd5ab20b3d09dc0eb494b3e522d,unknown
1_0x7c0f98488f4c6f3ac9156470cf1a26e93b94b75f,0x7c0f98488f4c6f3ac9156470cf1a26e93b94b75f,unknown
1_0x93317e87a3a47821803caadc54ae418af80603da,0x93317e87a3a47821803caadc54ae418af80603da,unknown
1_0xdc0548af1b43ede7c431ce23d828970c67e91c64,0xdc0548af1b43ede7c431ce23d828970c67e91c64,unknown
1_0xb4ee2f98d0e3d358f05d5e1747f1ad73df5a58cc,0xb4ee2f98d0e3d358f05d5e1747f1ad73df5a58cc,unknown
1_0xbb12a6c5d71a6192417ab3552337daaac086335f,0xbb12a6c5d71a6192417ab3552337daaac086335f,unknown
1_0xc7a964d9c711553fb534d113e52948b813730396,0xc7a964d9c711553fb534d113e52948b813730396,unknown
1_0x09e3d5d3bc9aa3b9ad4e8fd6568ba81b0cfd5ccc,0x09e3d5d3bc9aa3b9ad4e8fd6568ba81b0cfd5ccc,unknown
1_0xb55dcc69d909103b4de773412a22ab8b86e8c602,0xb55dcc69d909103b4de773412a22ab8b86e8c602,unknown
1_0x62ce1d739b9bc6ab5f716a772ea585425d3843b1,0x62ce1d739b9bc6ab5f716a772ea585425d3843b1,unknown
1_0xd8aa8f3be2fb0c790d3579dcf68a04701c1e33db,0xd8aa8f3be2fb0c790d3579dcf68a04701c1e33db,unknown
1_0x63c856b816dcfa22fa403d8f62e0517db6f3a891,0x63c856b816dcfa22fa403d8f62e0517db6f3a891,unknown
1_0x2659dbe2d2e6f88063027af4eec9d1d1b2fc9789,0x2659dbe2d2e6f88063027af4eec9d1d1b2fc9789,unknown
1_0x0ed1bcc400acd34593451e76f854992198995f52,0x0ed1bcc400acd34593451e76f854992198995f52,unknown
1_0x05e0706523171942009295e4025bb538c1c8d68e,0x05e0706523171942009295e4025bb538c1c8d68e,unknown
1_0xc330d2437d40e3618864c52a540e21a09cfdcc73,0xc330d2437d40e3618864c52a540e21a09cfdcc73,unknown
1_0x0149ed51d951ac20eb56a49c6b1850d60c59711c,0x0149ed51d951ac20eb56a49c6b1850d60c59711c,unknown
1_0xe34f2f9b72327cf4433ee9e4cb9b6537ffee4fb7,0xe34f2f9b72327cf4433ee9e4cb9b6537ffee4fb7,unknown
1_0x272334d31fe14f3f0da1e30fb8afa3f244ca9535,0x272334d31fe14f3f0da1e30fb8afa3f244ca9535,unknown
1_0x22f9dcf4647084d6c31b2765f6910cd85c178c18,0x22f9dcf4647084d6c31b2765f6910cd85c178c18,unknown
1_0xe592427a0aece92de3edee1f18e0157c05861564,0xe592427a0aece92de3edee1f18e0157c05861564,unknown
1_0xe0554a476a092703abdb3ef35c80e0d76d32939f,0xe0554a476a092703abdb3ef35c80e0d76d32939f,unknown
1_0x01bd3923560f6fef89f7a15ddcdb053404616651,0x01bd3923560f6fef89f7a15ddcdb053404616651,unknown
1_0xf24c621e5108607f4ec60e9c4f91719a76c7b3c9,0xf24c621e5108607f4ec60e9c4f91719a76c7b3c9,unknown
1_0x12d27c5b6870642136344f776aabd97a5b6b0c20,0x12d27c5b6870642136344f776aabd97a5b6b0c20,unknown
1_0x22e33fade9b6f805f3e75c7f9f15ff19690a2d0a,0x22e33fade9b6f805f3e75c7f9f15ff19690a2d0a,unknown
1_0xf58132e7e44d74c90fec1bdc2e23aa98144fb006,0xf58132e7e44d74c90fec1bdc2e23aa98144fb006,unknown
1_0xd7b2b6de7e9dc2fc9893dc2908b0ce5ab5acaf73,0xd7b2b6de7e9dc2fc9893dc2908b0ce5ab5acaf73,unknown
1_0x32edd2f7437665af088347791521f454831aaa29,0x32edd2f7437665af088347791521f454831aaa29,unknown
1_0xc443727503ff057e36d12f45dad99a8af851c883,0xc443727503ff057e36d12f45dad99a8af851c883,unknown
1_0x4618ab1a7fc4e2f5c2ffad3e44f2b60504d149f6,0x4618ab1a7fc4e2f5c2ffad3e44f2b60504d149f6,unknown
1_0xa89f778740c6562daac0fa1e09f48e0283a39611,0xa89f778740c6562daac0fa1e09f48e0283a39611,unknown
1_0xdc3c1a9ab3fedc0c94bb9a85208ebaff4f9b5aed,0xdc3c1a9ab3fedc0c94bb9a85208ebaff4f9b5aed,unknown
1_0xa771913259839e9cd0ecfec1701247d32c99df33,0xa771913259839e9cd0ecfec1701247d32c99df33,unknown
1_0x7daa1335ee8da22fd115834b90670791179ac7b3,0x7daa1335ee8da22fd115834b90670791179ac7b3,unknown
1_0xeb8caafcb2b61dc354a3f311d5f3341bc2993ec5,0xeb8caafcb2b61dc354a3f311d5f3341bc2993ec5,unknown
1_0x2c96eb9d9744aa007ab0555daa329c1f09cfc6bf,0x2c96eb9d9744aa007ab0555daa329c1f09cfc6bf,unknown
1_0x72105640a5e61f42ef9f7b8fcf96f0695f063b3a,0x72105640a5e61f42ef9f7b8fcf96f0695f063b3a,unknown
1_0x09352ec96d7852e27b5a8734b41504b3da542d8c,0x09352ec96d7852e27b5a8734b41504b3da542d8c,unknown
1_0xafc2be801f55cb0ee2d65c11eb14f88cbd6c576c,0xafc2be801f55cb0ee2d65c11eb14f88cbd6c576c,unknown
1_0x5954ab967bc958940b7eb73ee84797dc8a2afbb9,0x5954ab967bc958940b7eb73ee84797dc8a2afbb9,unknown
1_0xe2c25d061d632b166f74f04fbdeba838966caea2,0xe2c25d061d632b166f74f04fbdeba838966caea2,unknown
1_0x42a80b348a4fcb379a123dbb1376fff385398aa7,0x42a80b348a4fcb379a123dbb1376fff385398aa7,unknown
1_0x385d26f6486f8c0aaab6cc95bf964ae02bc25dda,0x385d26f6486f8c0aaab6cc95bf964ae02bc25dda,unknown
1_0x305cd5b23f73213f82e10d04832f89c1dc89c1e5,0x305cd5b23f73213f82e10d04832f89c1dc89c1e5,unknown
1_0x0a50012ff7e9c25d21d7c108e8c6be883a056ebf,0x0a50012ff7e9c25d21d7c108e8c6be883a056ebf,unknown
1_0x70fbfdb387281d32b4c145a53562628a744bace5,0x70fbfdb387281d32b4c145a53562628a744bace5,unknown
1_0x4fad5ab8bdfc16b3c2bbe30b7105b460f6818a6e,0x4fad5ab8bdfc16b3c2bbe30b7105b460f6818a6e,unknown
1_0x795200e266f25f5fd715a451479989d50779aaf6,0x795200e266f25f5fd715a451479989d50779aaf6,unknown
1_0x98ff8c0e1effbc70b23de702f415ec1e5ed76d42,0x98ff8c0e1effbc70b23de702f415ec1e5ed76d42,unknown
1_0x8a68a74853a1ef453038081c8473703a134839ff,0x8a68a74853a1ef453038081c8473703a134839ff,unknown
1_0x5ba3e11abf8c93186637847ec590fcd3aa588bd2,0x5ba3e11abf8c93186637847ec590fcd3aa588bd2,unknown
1_0x3bc77fc3129827864b88b5859f9c3737f57a13ca,0x3bc77fc3129827864b88b5859f9c3737f57a13ca,unknown
1_0xbbd31d32fe1a56ce8c5682c32a4995375821af5e,0xbbd31d32fe1a56ce8c5682c32a4995375821af5e,unknown
1_0x9bbadcdf45ce38f5031e863fb6dd59926c085351,0x9bbadcdf45ce38f5031e863fb6dd59926c085351,unknown
1_0xeee60c7fd355a6a9c87b4859cf14303b4a86be90,0xeee60c7fd355a6a9c87b4859cf14303b4a86be90,unknown
1_0x5c69bee701ef814a2b6a3edd4b1652cb9cc5aa6f,0x5c69bee701ef814a2b6a3edd4b1652cb9cc5aa6f,unknown
1_0x3e6dfcf090a76789835cfa8b5dfc979652ed0513,0x3e6dfcf090a76789835cfa8b5dfc979652ed0513,unknown
1_0x3c86c66680c850563de5331187595a029f969867,0x3c86c66680c850563de5331187595a029f969867,unknown
1_0xb4860c865d409498a02391ed7831278eb050ee5e,0xb4860c865d409498a02391ed7831278eb050ee5e,unknown
1_0xec408d4c7ff1d3f5c697eafdbf5e368ccc9423e4,0xec408d4c7ff1d3f5c697eafdbf5e368ccc9423e4,unknown
1_0xa4b10e66d8ef182a07ec8913743b6985d5ed7bb8,0xa4b10e66d8ef182a07ec8913743b6985d5ed7bb8,unknown
1_0x7cf3d537733f6ba4183a833c9b021265716ce9d0,0x7cf3d537733f6ba4183a833c9b021265716ce9d0,unknown
1_0x5ef0d09d1e6204141b4d37530808ed19f60fba35,0x5ef0d09d1e6204141b4d37530808ed19f60fba35,unknown
1_0xc72b032e3e931741473b6c9e275dd571c8e37700,0xc72b032e3e931741473b6c9e275dd571c8e37700,unknown
1_0x6dfc34609a05bc22319fa4cce1d1e2929548c0d7,0x6dfc34609a05bc22319fa4cce1d1e2929548c0d7,unknown
1_0x7aa0426f10c7603bbfb8ceb8afb8d8c329ccfe8b,0x7aa0426f10c7603bbfb8ceb8afb8d8c329ccfe8b,unknown
1_0x000000000035b5e5ad9019092c665357240f594e,0x000000000035b5e5ad9019092c665357240f594e,unknown
1_0xd6d2f309aa7fd3b0039692238353a671e4c23c87,0xd6d2f309aa7fd3b0039692238353a671e4c23c87,unknown
1_0x881d40237659c251811cec9c364ef91dc08d300c,0x881d40237659c251811cec9c364ef91dc08d300c,unknown
1_0x7fc66500c84a76ad7e9c93437bfc5ac33e2ddae9,0x7fc66500c84a76ad7e9c93437bfc5ac33e2ddae9,unknown
1_0x74de5d4fcbf63e00296fd95d33236b9794016631,0x74de5d4fcbf63e00296fd95d33236b9794016631,unknown
1_0xdef171fe48cf0115b1d80b88dc8eab59176fee57,0xdef171fe48cf0115b1d80b88dc8eab59176fee57,unknown
1_0x216b4b4ba9f3e719726886d34a177484278bfcae,0x216b4b4ba9f3e719726886d34a177484278bfcae,unknown
1_0xc697051d1c6296c24ae3bcef39aca743861d9a81,0xc697051d1c6296c24ae3bcef39aca743861d9a81,unknown
1_0x1c8f6a5f009e051cab9c3851ca2da2c936b2775a,0x1c8f6a5f009e051cab9c3851ca2da2c936b2775a,unknown
1_0xa69babef1ca67a37ffaf7a485dfff3382056e78c,0xa69babef1ca67a37ffaf7a485dfff3382056e78c,unknown
1_0xa6cc3c2531fdaa6ae1a3ca84c2855806728693e8,0xa6cc3c2531fdaa6ae1a3ca84c2855806728693e8,unknown
1_0x431b5a84acc1297eda88259f300262f1bc3a74f3,0x431b5a84acc1297eda88259f300262f1bc3a74f3,unknown
1_0xa3f558aebaecaf0e11ca4b2199cc5ed341edfd74,0xa3f558aebaecaf0e11ca4b2199cc5ed341edfd74,unknown
1_0x5a98fcbea516cf06857215779fd812ca3bef1b32,0x5a98fcbea516cf06857215779fd812ca3bef1b32,unknown
1_0xf73a1260d222f447210581ddf212d915c09a3249,0xf73a1260d222f447210581ddf212d915c09a3249,unknown
1_0xb8ffc3cd6e7cf5a098a1c92f48009765b24088dc,0xb8ffc3cd6e7cf5a098a1c92f48009765b24088dc,unknown
1_0xf16e867a942ba67870a6ac33d26179b24d3e0fe0,0xf16e867a942ba67870a6ac33d26179b24d3e0fe0,unknown
1_0x0e642e32974470085e362fe76de5c43330632bdb,0x0e642e32974470085e362fe76de5c43330632bdb,unknown
1_0x31876e9511f6181b455f7747cdc2ea398d3b1dff,0x31876e9511f6181b455f7747cdc2ea398d3b1dff,unknown
1_0xccc090c954e281b3491583be22320e8bbab656ec,0xccc090c954e281b3491583be22320e8bbab656ec,unknown
1_0x4ee277873d8ce928c080d451defe7bc747958b98,0x4ee277873d8ce928c080d451defe7bc747958b98,unknown
1_0xd9106a1c7cf130cf0471b8c77969377a546921e6,0xd9106a1c7cf130cf0471b8c77969377a546921e6,unknown
1_0xa1c811816c12f2f105742c94045b91a89c7bae46,0xa1c811816c12f2f105742c94045b91a89c7bae46,unknown
1_0x4131918dbceb7f8cb6c115188095aa6fcd9d2b7d,0x4131918dbceb7f8cb6c115188095aa6fcd9d2b7d,unknown
1_0x1eb2cbd1c6d5b6d16abf1b2760edf296de7a1e10,0x1eb2cbd1c6d5b6d16abf1b2760edf296de7a1e10,unknown
1_0xa60ad3c08c12c2a11cf5bb9ece1c4e7d68cfe79f,0xa60ad3c08c12c2a11cf5bb9ece1c4e7d68cfe79f,unknown
1_0x2af058db361d5485e946eb1e0d39164d97641346,0x2af058db361d5485e946eb1e0d39164d97641346,unknown
1_0xb587097a8283e77113fb40ad9dd4861e54db9d8d,0xb587097a8283e77113fb40ad9dd4861e54db9d8d,unknown
1_0xe9f8191c67bb6768d8722f2d541b665ccadd4a28,0xe9f8191c67bb6768d8722f2d541b665ccadd4a28,unknown
1_0x5f3c82695be7b348ab914d907441a79587f79708,0x5f3c82695be7b348ab914d907441a79587f79708,unknown
1_0xc3ac935484da03c124fed67924cd5b2ec5a72856,0xc3ac935484da03c124fed67924cd5b2ec5a72856,unknown
1_0x8d28b5759069ed9a31ca8d4177b9d2cc39f98785,0x8d28b5759069ed9a31ca8d4177b9d2cc39f98785,unknown
1_0x64509ecb9a749d7777eab217ca7fb3637b196c55,0x64509ecb9a749d7777eab217ca7fb3637b196c55,unknown
1_0xd7dedcf52d47979c9923345e3aedb1b064b9d844,0xd7dedcf52d47979c9923345e3aedb1b064b9d844,unknown
1_0x1792f3c5d6bb0c1cb281bd820d512f15b681c46e,0x1792f3c5d6bb0c1cb281bd820d512f15b681c46e,unknown
1_0xd3922c1a92d05b569d5567e998585e414b0a137f,0xd3922c1a92d05b569d5567e998585e414b0a137f,unknown
1_0x9a5ddf9e5677da084b3739fc9fa4cbbc9d122b43,0x9a5ddf9e5677da084b3739fc9fa4cbbc9d122b43,unknown
1_0x2062ca4969d6070211d8779188a3266201020e51,0x2062ca4969d6070211d8779188a3266201020e51,unknown
1_0xcbfdd8ddcebcf4907f950e78757786450462d370,0xcbfdd8ddcebcf4907f950e78757786450462d370,unknown
1_0x9cfcf4cd08d78274dc3952b70034dd2663f60c6c,0x9cfcf4cd08d78274dc3952b70034dd2663f60c6c,unknown
1_0x316a74aa250bf62784a684dafa128b6ed701ef2f,0x316a74aa250bf62784a684dafa128b6ed701ef2f,unknown
1_0x5ad289456aebda76d3fe4be276ca2a529d36e4aa,0x5ad289456aebda76d3fe4be276ca2a529d36e4aa,unknown
1_0xfcf12e236c255b279b3ccb93cf05c82c8fb8b720,0xfcf12e236c255b279b3ccb93cf05c82c8fb8b720,unknown
1_0xfec310b9e1052954a2547719969218f3fd025a00,0xfec310b9e1052954a2547719969218f3fd025a00,unknown
1_0xdb15c7c92aaed6ad3b23b69d4a9c490b93465cac,0xdb15c7c92aaed6ad3b23b69d4a9c490b93465cac,unknown
1_0xfcdaa6fe8603cf06c5451a8c32552af16d8aeaba,0xfcdaa6fe8603cf06c5451a8c32552af16d8aeaba,unknown
1_0xbdd4f4d83f67a09a3bf7d57638e1dcd32387e331,0xbdd4f4d83f67a09a3bf7d57638e1dcd32387e331,unknown
1_0x9e0f05f88be4721df1a9c2dccaf98848bdf7caff,0x9e0f05f88be4721df1a9c2dccaf98848bdf7caff,unknown
1_0xf1539a69478859a991987bbee74ddf8fa787ccc8,0xf1539a69478859a991987bbee74ddf8fa787ccc8,unknown
1_0x52b4ae6798ddd241f0e882960faf3f966d488493,0x52b4ae6798ddd241f0e882960faf3f966d488493,unknown
1_0x5771d6c80a7c25ef5d0b6f541ad5f68cb832a9f8,0x5771d6c80a7c25ef5d0b6f541ad5f68cb832a9f8,unknown
1_0x69c18c3fa7c9b5b02be8283daf802b3bc10a54f1,0x69c18c3fa7c9b5b02be8283daf802b3bc10a54f1,unknown
1_0xd607fefc590ff47f47cb92aa353d3ff2c7f3d0da,0xd607fefc590ff47f47cb92aa353d3ff2c7f3d0da,unknown
1_0x118876a921118be49d9778fb736389922c9ec693,0x118876a921118be49d9778fb736389922c9ec693,unknown
1_0x32cd42a785e7ccd5680f4f437e31781c5f4af331,0x32cd42a785e7ccd5680f4f437e31781c5f4af331,unknown
1_0x5e0422cc27a9d7df1d66000d4b86046e851d1b39,0x5e0422cc27a9d7df1d66000d4b86046e851d1b39,unknown
1_0xdb1804f5760c6aca9418d54365010a8b66a69427,0xdb1804f5760c6aca9418d54365010a8b66a69427,unknown
1_0x922e685bc1992f73fb6250527f5ad77fb07a8e27,0x922e685bc1992f73fb6250527f5ad77fb07a8e27,unknown
1_0x519bfec4f6dd2f81a80599ad35d6807500a396da,0x519bfec4f6dd2f81a80599ad35d6807500a396da,unknown
1_0xa92ee3848d5ca5c1720d5e78fdbc7e953d3b3c00,0xa92ee3848d5ca5c1720d5e78fdbc7e953d3b3c00,unknown
1_0xb690168e0eddae643470007f997a99c4f3aaaf5c,0xb690168e0eddae643470007f997a99c4f3aaaf5c,unknown
1_0xdc3a682dd8d63b3277bc7faf1a20a477ccf1f3ef,0xdc3a682dd8d63b3277bc7faf1a20a477ccf1f3ef,unknown
1_0xb67713c97d44b6467198b03ac12999242897b199,0xb67713c97d44b6467198b03ac12999242897b199,unknown
1_0x7d1a4f88f8c015b64ea66b9a595f74faa3611da7,0x7d1a4f88f8c015b64ea66b9a595f74faa3611da7,unknown
1_0xb42679513acf481ecfded3e113b8e9a4d5d1076b,0xb42679513acf481ecfded3e113b8e9a4d5d1076b,unknown
1_0x1b53d503be8d5106589ab7a8e96d55afcb25afe0,0x1b53d503be8d5106589ab7a8e96d55afcb25afe0,unknown
1_0x4774b1a0ef4e447be4c599fdf4b00d777c71a791,0x4774b1a0ef4e447be4c599fdf4b00d777c71a791,unknown
1_0xd6466ad2f1a786f4e390fc64bd8cc5a91d565de1,0xd6466ad2f1a786f4e390fc64bd8cc5a91d565de1,unknown
1_0x52b059f76c0937ccaf3dae2927bd4891c32c7543,0x52b059f76c0937ccaf3dae2927bd4891c32c7543,unknown
1_0x318d6c54c97224a26a13864782a7fa0724618f86,0x318d6c54c97224a26a13864782a7fa0724618f86,unknown
1_0x6bf21b0dd72798b3379c05f131e6adf9163dd137,0x6bf21b0dd72798b3379c05f131e6adf9163dd137,unknown
1_0x9d442b87fbc31c95716ff2ae127be214dd8d5bfb,0x9d442b87fbc31c95716ff2ae127be214dd8d5bfb,unknown
1_0x667931195cadc9fb6c0db79bf76a48525c4767e6,0x667931195cadc9fb6c0db79bf76a48525c4767e6,unknown
1_0x2a833772992d8b8cd24a1e6e79f33fcc1c934a7c,0x2a833772992d8b8cd24a1e6e79f33fcc1c934a7c,unknown
1_0x2a51f2943cb183f8066deecbf7a9b3516a189edf,0x2a51f2943cb183f8066deecbf7a9b3516a189edf,unknown
1_0x8aa7f1422570b826c4f59b75cb9fa15ace138cd3,0x8aa7f1422570b826c4f59b75cb9fa15ace138cd3,unknown
1_0x408f4f4b38fd5ce6b1e99ddedf53e8e1032e32a4,0x408f4f4b38fd5ce6b1e99ddedf53e8e1032e32a4,unknown
1_0x2055c03fa0f512a2dcf25ddce81a4154faeb9a1b,0x2055c03fa0f512a2dcf25ddce81a4154faeb9a1b,unknown
1_0x0af1b7ed5408f55e695542c4ea23737b117c57fd,0x0af1b7ed5408f55e695542c4ea23737b117c57fd,unknown
1_0xac43d7e31a2c63392f5c6883f9a5bcae2b3a9da2,0xac43d7e31a2c63392f5c6883f9a5bcae2b3a9da2,unknown
1_0x662f251fa14cf9594e810e71a79b741c0c096a60,0x662f251fa14cf9594e810e71a79b741c0c096a60,unknown
1_0x4f49bfb949174756abf43b4257193352b5db06c5,0x4f49bfb949174756abf43b4257193352b5db06c5,unknown
1_0x9708ea5342c5ec40e92348f566e327c95cfda747,0x9708ea5342c5ec40e92348f566e327c95cfda747,unknown
1_0xdd42fcd6851d061e4f7d30583dffbe6af6858e0a,0xdd42fcd6851d061e4f7d30583dffbe6af6858e0a,unknown
1_0x42560f01694c353a4529e81fc6e5d93c8d046eec,0x42560f01694c353a4529e81fc6e5d93c8d046eec,unknown
1_0x83cef35614fe0d2512f7c2c5d5f45ca88c3721c0,0x83cef35614fe0d2512f7c2c5d5f45ca88c3721c0,unknown
1_0x3d6a3da80fbf277f917f454f58d5d43d31fb2dd8,0x3d6a3da80fbf277f917f454f58d5d43d31fb2dd8,unknown
1_0xb8ba479c2f1ca3d853a8bcc7eecbe99b25463871,0xb8ba479c2f1ca3d853a8bcc7eecbe99b25463871,unknown
1_0x9a2ea465b72040675f53e4e7109cb1e79bf09ff3,0x9a2ea465b72040675f53e4e7109cb1e79bf09ff3,unknown
1_0x8d9ebe050fb915bed4869cc1eda245b9226b7b17,0x8d9ebe050fb915bed4869cc1eda245b9226b7b17,unknown
1_0xc23616efdbda9788d762add74265997e91921a75,0xc23616efdbda9788d762add74265997e91921a75,unknown
1_0x1c677b6ace9a14831e515ddd9d38ca1901c3141a,0x1c677b6ace9a14831e515ddd9d38ca1901c3141a,unknown
1_0x8d2010f8bc3c18cb5365cfdec995481c12f0346b,0x8d2010f8bc3c18cb5365cfdec995481c12f0346b,unknown
1_0x1ecb85104ff8ab9953bf59d79b08b7ffbca39cc9,0x1ecb85104ff8ab9953bf59d79b08b7ffbca39cc9,unknown
1_0x7f70b67334de928fa73c66f9aba1506e10d512c0,0x7f70b67334de928fa73c66f9aba1506e10d512c0,unknown
1_0x7f323be29f1e8a2baa7210613382da73123997d1,0x7f323be29f1e8a2baa7210613382da73123997d1,unknown
1_0x88373e836158107d21a2b068b1e1adf60a0bc6c0,0x88373e836158107d21a2b068b1e1adf60a0bc6c0,unknown
1_0x83d4a3b907d08d20db4cf88f109f6a61067d6b6e,0x83d4a3b907d08d20db4cf88f109f6a61067d6b6e,unknown
1_0xafa433cb3ab2186487f474ec44cfd2dc30072ede,0xafa433cb3ab2186487f474ec44cfd2dc30072ede,unknown
1_0x8bffa43c06eed8a387c20d36b3dce1624ec607cd,0x8bffa43c06eed8a387c20d36b3dce1624ec607cd,unknown
1_0x499b6fb990eed4f0d7814305efd62793bc109bc6,0x499b6fb990eed4f0d7814305efd62793bc109bc6,unknown
1_0x1f269e9aca9dfb0b9e341100719a01a2a97a926d,0x1f269e9aca9dfb0b9e341100719a01a2a97a926d,unknown
1_0xc368575f7ec947e82d30a2a41981b3f34c236e2a,0xc368575f7ec947e82d30a2a41981b3f34c236e2a,unknown
1_0x3d4f1640349f5205cd21c1d704810bb2a4704a99,0x3d4f1640349f5205cd21c1d704810bb2a4704a99,unknown
1_0xe303f96827e56dcbe92f0d42e743d94642150709,0xe303f96827e56dcbe92f0d42e743d94642150709,unknown
1_0x38b480272cb32a01c7be26e499c19d73449c0995,0x38b480272cb32a01c7be26e499c19d73449c0995,unknown
1_0x6e3421eee21b663480e814552ef44b8993f4fabf,0x6e3421eee21b663480e814552ef44b8993f4fabf,unknown
1_0x30cce743b1d79b2cd9424bef44308a62fffb7766,0x30cce743b1d79b2cd9424bef44308a62fffb7766,unknown
1_0x77916c94a40aa0691314e8b3d306592adef7d0d9,0x77916c94a40aa0691314e8b3d306592adef7d0d9,unknown
1_0x82cce8728adf3b5f36cc68f68cbe5c9a1fe9a7ca,0x82cce8728adf3b5f36cc68f68cbe5c9a1fe9a7ca,unknown
1_0x872fda2a4a50d099bc701d2fa8d647c64e74820a,0x872fda2a4a50d099bc701d2fa8d647c64e74820a,unknown
1_0x09ee5f1aeb986436696d295f7dd9cecf7532da8c,0x09ee5f1aeb986436696d295f7dd9cecf7532da8c,unknown
1_0xcc40888e14fa93d1818bf29b17a7c6c4940f6496,0xcc40888e14fa93d1818bf29b17a7c6c4940f6496,unknown
1_0xf1e061f230a9443a585a42f6eae03bc615f11cf1,0xf1e061f230a9443a585a42f6eae03bc615f11cf1,unknown
1_0x40efc8035386d22671ffada8ddf98999d4c4230c,0x40efc8035386d22671ffada8ddf98999d4c4230c,unknown
1_0xe7ef24aa6dea79767eac7608662ddd8f19b93066,0xe7ef24aa6dea79767eac7608662ddd8f19b93066,unknown
1_0xc6da9083a6f64298f315610d137775466b61970f,0xc6da9083a6f64298f315610d137775466b61970f,unknown
1_0x005fb56fe0401a4017e6f046272da922bbf8df06,0x005fb56fe0401a4017e6f046272da922bbf8df06,unknown
1_0x1111111254eeb25477b68fb85ed929f73a960582,0x1111111254eeb25477b68fb85ed929f73a960582,unknown
1_0x53222470cdcfb8081c0e3a50fd106f0d69e63f20,0x53222470cdcfb8081c0e3a50fd106f0d69e63f20,unknown
1_0x119c71d3bbac22029622cbaec24854d3d32d2828,0x119c71d3bbac22029622cbaec24854d3d32d2828,unknown
1_0xba12222222228d8ba445958a75a0704d566bf2c8,0xba12222222228d8ba445958a75a0704d566bf2c8,unknown
1_0x4687f6b19b5ceea0cd50eca6711127b23602deac,0x4687f6b19b5ceea0cd50eca6711127b23602deac,unknown
1_0x6596da8b65995d5feacff8c2936f0b7a2051b0d0,0x6596da8b65995d5feacff8c2936f0b7a2051b0d0,unknown
1_0xd51a655ee569d65feecaf517d7d0c257c9de1685,0xd51a655ee569d65feecaf517d7d0c257c9de1685,unknown
1_0x1ca8ba8a8fbc9df50a5116b7eac81a0c6a5e7d7c,0x1ca8ba8a8fbc9df50a5116b7eac81a0c6a5e7d7c,unknown
1_0x272257f2755f4db0eb0e351c9764280dd63ed592,0x272257f2755f4db0eb0e351c9764280dd63ed592,unknown
1_0x57678dd4fce47608d718c6be41ddee9d0443983c,0x57678dd4fce47608d718c6be41ddee9d0443983c,unknown
1_0x4d0e8f3b6e31394ddd52991b765c8e03918bd98b,0x4d0e8f3b6e31394ddd52991b765c8e03918bd98b,unknown
1_0x066876fbe3e4a846b5e5ef86ea72c123fecd5a6e,0x066876fbe3e4a846b5e5ef86ea72c123fecd5a6e,unknown
1_0xdb0304f78a75c243ee7d70e71f0abb1c1bdff592,0xdb0304f78a75c243ee7d70e71f0abb1c1bdff592,unknown
1_0xc5d88bf63db566f9eccfb7bb08a9b2603008caa0,0xc5d88bf63db566f9eccfb7bb08a9b2603008caa0,unknown
1_0xe3b2a8da1b73497e5d2e3807020345ab68027d6a,0xe3b2a8da1b73497e5d2e3807020345ab68027d6a,unknown
1_0x7b75b51f2101b9752c2e0c2effcb27f0e4f9313c,0x7b75b51f2101b9752c2e0c2effcb27f0e4f9313c,unknown
1_0x0c5322a9e108924ed406eae33aaac6ae334c9af5,0x0c5322a9e108924ed406eae33aaac6ae334c9af5,unknown
1_0x858849d1d3a0ee6dc0b3ed4db8853611c6cfc669,0x858849d1d3a0ee6dc0b3ed4db8853611c6cfc669,unknown
1_0x76a6c21726cde61aa7c6d7d62634251ce154e9e9,0x76a6c21726cde61aa7c6d7d62634251ce154e9e9,unknown
1_0xe0883dbb756f4db69ea0343d2915231481fa142b,0xe0883dbb756f4db69ea0343d2915231481fa142b,unknown
1_0xac1d2ec7ea0ff70ef77779638ad6f2083d913a5e,0xac1d2ec7ea0ff70ef77779638ad6f2083d913a5e,unknown
1_0x768008ac25e81bcbcf75f9b190873bda610ef31e,0x768008ac25e81bcbcf75f9b190873bda610ef31e,unknown
1_0x1708f2f5b1eb41ac7c42d93ed3a9f064e85d7126,0x1708f2f5b1eb41ac7c42d93ed3a9f064e85d7126,unknown
1_0x3c799d287f52f269919d5726cf239085b0578107,0x3c799d287f52f269919d5726cf239085b0578107,unknown
1_0x7acd6b1da4e2ff0697d7274ccdb354b11a1632db,0x7acd6b1da4e2ff0697d7274ccdb354b11a1632db,unknown
1_0xb82d65d6d321134f627fe63c29bd4bdc69d8458e,0xb82d65d6d321134f627fe63c29bd4bdc69d8458e,unknown
1_0x1727079ca86521bf0bd8f7fddb870527d1e15829,0x1727079ca86521bf0bd8f7fddb870527d1e15829,unknown
1_0x640008db511569e8e20378f9d12859e263840b12,0x640008db511569e8e20378f9d12859e263840b12,unknown
1_0xdb5d157e6bbec1a0ed18f765a3c49e9922215cf2,0xdb5d157e6bbec1a0ed18f765a3c49e9922215cf2,unknown
1_0xaada895f7339eff0f01a11fec26082abeaf10b8c,0xaada895f7339eff0f01a11fec26082abeaf10b8c,unknown
1_0xeacb6102eb4d4b731423e1e259faffe2f1c2f214,0xeacb6102eb4d4b731423e1e259faffe2f1c2f214,unknown
1_0x6b5a038e81bf01e9f451402c368b7be06fe23300,0x6b5a038e81bf01e9f451402c368b7be06fe23300,unknown
1_0xed6f80adfcb21e37034d198c3e783eb42d19cb98,0xed6f80adfcb21e37034d198c3e783eb42d19cb98,unknown
1_0x5e1bb9d1d0c0d4e8d8d5227e18598aed2907c0a3,0x5e1bb9d1d0c0d4e8d8d5227e18598aed2907c0a3,unknown
1_0xbadf629b32cce9a24f23031f2a6f2a745f7e1848,0xbadf629b32cce9a24f23031f2a6f2a745f7e1848,unknown
1_0xea6c59c77de39701283442b0d008eab4ce338ed3,0xea6c59c77de39701283442b0d008eab4ce338ed3,unknown
1_0xe374d151148d87a92ff584e07d5f7cbfde19c92f,0xe374d151148d87a92ff584e07d5f7cbfde19c92f,unknown
1_0xf3fc8a497c6b84b8dbf55d9109864d40ea961525,0xf3fc8a497c6b84b8dbf55d9109864d40ea961525,unknown
1_0x334428d7f24a1850439f88000ec5279d8f69a0b0,0x334428d7f24a1850439f88000ec5279d8f69a0b0,unknown
1_0xd78f0c99531dfc8f66ca37fa347962dc1452c281,0xd78f0c99531dfc8f66ca37fa347962dc1452c281,unknown
1_0x77a7ee4adaf46bd7422fd68ad9ee5015f954f46a,0x77a7ee4adaf46bd7422fd68ad9ee5015f954f46a,unknown
1_0x753ceddf379008712ecc451628e58db1e9c8f385,0x753ceddf379008712ecc451628e58db1e9c8f385,unknown
1_0x87e94ad527d642a8789759bac292e285bab2f71a,0x87e94ad527d642a8789759bac292e285bab2f71a,unknown
1_0xad9415960159dfeb971ec99d37f70189374bbe39,0xad9415960159dfeb971ec99d37f70189374bbe39,unknown
1_0x6c1e8e4285058383b407247b6b1c78eea54ecf6a,0x6c1e8e4285058383b407247b6b1c78eea54ecf6a,unknown
1_0xd3c2a183c63917aabe23a4e70527a0c0d277c8b0,0xd3c2a183c63917aabe23a4e70527a0c0d277c8b0,unknown
1_0x702f5a3f5afc85375fe6706258f9470dd4e0062d,0x702f5a3f5afc85375fe6706258f9470dd4e0062d,unknown
1_0xea6cfad957a0e008de4578d483b1bd5764f4c081,0xea6cfad957a0e008de4578d483b1bd5764f4c081,unknown
1_0xea39fe417a9a39aa4a25f3c92c57a68489d94a0b,0xea39fe417a9a39aa4a25f3c92c57a68489d94a0b,unknown
1_0x65bb6f281c8e2c3eb5d0bd39fe119d7610eaacc5,0x65bb6f281c8e2c3eb5d0bd39fe119d7610eaacc5,unknown
1_0x2d2538cea6a3b72fee404cfb320269aa51920a1e,0x2d2538cea6a3b72fee404cfb320269aa51920a1e,unknown
1_0xc329b47ff6074aa0c999c90b0ae821ec7804f24d,0xc329b47ff6074aa0c999c90b0ae821ec7804f24d,unknown
1_0x081070eee41a288cc39b6682ae3e680c128d053b,0x081070eee41a288cc39b6682ae3e680c128d053b,unknown
1_0x0a02a4d3ccc259f7825133c15db536faa9752cdc,0x0a02a4d3ccc259f7825133c15db536faa9752cdc,unknown
1_0xd8927a823738ef7fef99776e4a1afe9ae8aa80f8,0xd8927a823738ef7fef99776e4a1afe9ae8aa80f8,unknown
1_0xd5792f2c0a161225a500fe80ec6707dac4739b47,0xd5792f2c0a161225a500fe80ec6707dac4739b47,unknown
1_0x70b61a55104c5d387309edbc028e9320554be17d,0x70b61a55104c5d387309edbc028e9320554be17d,unknown
1_0x3c52c7659ed3457a52a4cf0ccef8dcbe961e992b,0x3c52c7659ed3457a52a4cf0ccef8dcbe961e992b,unknown
1_0x2e63a1ae080cd6f1a02f753f0b40e71015651ceb,0x2e63a1ae080cd6f1a02f753f0b40e71015651ceb,unknown
1_0xbf437d9a292712fcdfc0a97b1dd5e87564457a12,0xbf437d9a292712fcdfc0a97b1dd5e87564457a12,unknown
1_0x7b278c56502f30ba54822c66c6b92884a16c4bcd,0x7b278c56502f30ba54822c66c6b92884a16c4bcd,unknown
1_0x5627b1f513871ac3604ce3838af1cac017df294c,0x5627b1f513871ac3604ce3838af1cac017df294c,unknown
1_0x1d9f714e8d6d147d8127f053646fefe0c52048e4,0x1d9f714e8d6d147d8127f053646fefe0c52048e4,unknown
1_0x0977bf7a915742dd29c7f7391b6c56b1bbd640fd,0x0977bf7a915742dd29c7f7391b6c56b1bbd640fd,unknown
1_0x2f699a8a8e5f988cef195264453965afbadc26d2,0x2f699a8a8e5f988cef195264453965afbadc26d2,unknown
1_0x9db1496473f1baa5a26a80547e34bafa5d71334e,0x9db1496473f1baa5a26a80547e34bafa5d71334e,unknown
1_0xdbc863ae1be53c5bacd9b4f6b23565798776605f,0xdbc863ae1be53c5bacd9b4f6b23565798776605f,unknown
1_0x844cc3dc6a20aa6f082b9cf66707687db28109ea,0x844cc3dc6a20aa6f082b9cf66707687db28109ea,unknown
1_0x9c44eb51da0ab617597e8afcfeeca2894912620c,0x9c44eb51da0ab617597e8afcfeeca2894912620c,unknown
1_0x157f5c29542e9586ee66e01a679047dc98334d2d,0x157f5c29542e9586ee66e01a679047dc98334d2d,unknown
1_0x165eb2b4dabfa7f6f10d4bb9f8794802ad533c5e,0x165eb2b4dabfa7f6f10d4bb9f8794802ad533c5e,unknown
1_0xea841a0ef351b3955fa2396a99928c189059ca95,0xea841a0ef351b3955fa2396a99928c189059ca95,unknown
1_0x0c08e80934557fd9aaeaf4cec589a004b0b7ad69,0x0c08e80934557fd9aaeaf4cec589a004b0b7ad69,unknown
1_0xec1689ab1cbe71477befb11564a4f12394e1f4af,0xec1689ab1cbe71477befb11564a4f12394e1f4af,unknown
1_0x6e415d74dd420519c9c4906c857fb117ba699f7b,0x6e415d74dd420519c9c4906c857fb117ba699f7b,unknown
1_0x36f96d77d265a88899c7aac30f8ac2dc96c6a222,0x36f96d77d265a88899c7aac30f8ac2dc96c6a222,unknown
1_0x145474006f4e6053e4ca639c41252e9b155eff36,0x145474006f4e6053e4ca639c41252e9b155eff36,unknown
1_0x5c1cabf98980a4a22bedee7fb1fc36e00ddc021a,0x5c1cabf98980a4a22bedee7fb1fc36e00ddc021a,unknown
1_0x33a804cf7381a03659b788e4db1facb30cb27b82,0x33a804cf7381a03659b788e4db1facb30cb27b82,unknown
1_0x9c7e5ff0474a72c542d77abd2bb19d97a3394aa5,0x9c7e5ff0474a72c542d77abd2bb19d97a3394aa5,unknown
1_0x7bb38d3d95ccd8ec9e33d041c76b4216f8a2a5f3,0x7bb38d3d95ccd8ec9e33d041c76b4216f8a2a5f3,unknown
1_0xfa1b1584abd0420ac6523da400b8f30d2a82d3b7,0xfa1b1584abd0420ac6523da400b8f30d2a82d3b7,unknown
1_0x431edd71130b425a8a1cd1fd876e70c14cf74597,0x431edd71130b425a8a1cd1fd876e70c14cf74597,unknown
1_0xa55940a2ef4bf3fa40f2d44cae9b60b2fece3651,0xa55940a2ef4bf3fa40f2d44cae9b60b2fece3651,unknown
1_0xe4ed79302f182e96a87b58786843973c4a9b856a,0xe4ed79302f182e96a87b58786843973c4a9b856a,unknown
1_0x54321efdb0760ef32f5c369c26162cb667980d50,0x54321efdb0760ef32f5c369c26162cb667980d50,unknown
1_0x2f7e465af663fd625df6b7bd61cc760ea8511f8a,0x2f7e465af663fd625df6b7bd61cc760ea8511f8a,unknown
1_0xcc35f6d2a4d9c94745ee8e8646ff366147fbec74,0xcc35f6d2a4d9c94745ee8e8646ff366147fbec74,unknown
1_0xde3999837407e199d63ae56ea1a3b85e642ad8bf,0xde3999837407e199d63ae56ea1a3b85e642ad8bf,unknown
1_0x42f6e89b9106b08736616c7ba04792a985dcc0bd,0x42f6e89b9106b08736616c7ba04792a985dcc0bd,unknown
1_0x60b5bee369ba824f9d8341e6a0e520004ae17c3d,0x60b5bee369ba824f9d8341e6a0e520004ae17c3d,unknown
1_0xb82b54642290910c0cbfa506af87ee5b761e7f92,0xb82b54642290910c0cbfa506af87ee5b761e7f92,unknown
1_0x2d1e4e7a0b3d39945f299956fe2bb099681c6226,0x2d1e4e7a0b3d39945f299956fe2bb099681c6226,unknown
1_0xa99b6dd5ed1e87c18ae18577c5c4a7858afe9034,0xa99b6dd5ed1e87c18ae18577c5c4a7858afe9034,unknown
1_0x6a6a7868b9901d4fc60671deb313e830b44c1478,0x6a6a7868b9901d4fc60671deb313e830b44c1478,unknown
1_0xbf1ed4ba5181ca8aff3f9542f7271f31525c898e,0xbf1ed4ba5181ca8aff3f9542f7271f31525c898e,unknown
1_0xbd8987aeb84e025cd401e64a772bb3525672399f,0xbd8987aeb84e025cd401e64a772bb3525672399f,unknown
1_0xa4571ba595db5b6f62a7339bce9201409ea1397b,0xa4571ba595db5b6f62a7339bce9201409ea1397b,unknown
1_0x6a61bd3e49cd40ece08a8998fa58c635a727aecb,0x6a61bd3e49cd40ece08a8998fa58c635a727aecb,unknown
1_0x7b3481bf8512feb835c9a101db63be80efef04aa,0x7b3481bf8512feb835c9a101db63be80efef04aa,unknown
1_0x6888dc80971efafa0905d45076c5ebb84e8d728e,0x6888dc80971efafa0905d45076c5ebb84e8d728e,unknown
1_0x71855129b171a3731a57618671e1519810f80359,0x71855129b171a3731a57618671e1519810f80359,unknown
1_0xe64500361a9a46cf79a738541ab068a4a92cba49,0xe64500361a9a46cf79a738541ab068a4a92cba49,unknown
1_0xe14829ad815c7e23e6b117bbebce4caa9924c6f7,0xe14829ad815c7e23e6b117bbebce4caa9924c6f7,unknown
1_0xffea06086df85a0afb1fb06e791a95f166851d13,0xffea06086df85a0afb1fb06e791a95f166851d13,unknown
1_0x44cf1870460a3a952ba760e8355c70eabf9e2ff7,0x44cf1870460a3a952ba760e8355c70eabf9e2ff7,unknown
1_0x1ae995cdc0dc6c424c250551fa72581931a9ccee,0x1ae995cdc0dc6c424c250551fa72581931a9ccee,unknown
1_0xa4f01d4de80cadaefb91f22894f1188e1b668aca,0xa4f01d4de80cadaefb91f22894f1188e1b668aca,unknown
1_0x266377b3c4029d3a8de80a7c26800bf3f6022ac7,0x266377b3c4029d3a8de80a7c26800bf3f6022ac7,unknown
1_0x8767e681e4dc9e53508fe0b9bac6f38135c8bd95,0x8767e681e4dc9e53508fe0b9bac6f38135c8bd95,unknown
1_0x4615a2fd331b5c6eda60b1511ae448ae4582841b,0x4615a2fd331b5c6eda60b1511ae448ae4582841b,unknown
1_0x333f8f1dd018189cef19e3daf940aae0e79159d7,0x333f8f1dd018189cef19e3daf940aae0e79159d7,unknown
1_0x5c4c82b5fdc952287bbdfeaefebf7fe7503efa98,0x5c4c82b5fdc952287bbdfeaefebf7fe7503efa98,unknown
1_0xacd1f96ca68affeaf340d0179a95f81da2723dfc,0xacd1f96ca68affeaf340d0179a95f81da2723dfc,unknown
1_0x579cb9e299287ef9c124a769deef488654baf5e8,0x579cb9e299287ef9c124a769deef488654baf5e8,unknown
1_0xf2e93ccff7bad4a00a6d0df9c7192947d503cc75,0xf2e93ccff7bad4a00a6d0df9c7192947d503cc75,unknown
1_0xaee927a3691bd215ccd503adb65a9656077c0038,0xaee927a3691bd215ccd503adb65a9656077c0038,unknown
1_0x2f8a0c075ab4d7d0beb261a5764fa6f8ad4290d0,0x2f8a0c075ab4d7d0beb261a5764fa6f8ad4290d0,unknown
1_0x69e913c39f494af654c4d1148d594e4686e8c8de,0x69e913c39f494af654c4d1148d594e4686e8c8de,unknown
1_0x0334e5ee6ef8a5c990408b26929d5ae5cbcb4284,0x0334e5ee6ef8a5c990408b26929d5ae5cbcb4284,unknown
1_0xbfb95db958f7e100b76f0dab52f8930fc56ccf9c,0xbfb95db958f7e100b76f0dab52f8930fc56ccf9c,unknown
1_0x7ffdfd6e03f56df79482cac3317ea3493812f293,0x7ffdfd6e03f56df79482cac3317ea3493812f293,unknown
1_0xec7647bec34a67cf602ada5563a47a7f56120206,0xec7647bec34a67cf602ada5563a47a7f56120206,unknown
1_0x8277f26629aac44bc21bc09e63e313fd7289ed25,0x8277f26629aac44bc21bc09e63e313fd7289ed25,unknown
1_0x07406e290dff90cdf06df9b08ee2f27b6ec8a07a,0x07406e290dff90cdf06df9b08ee2f27b6ec8a07a,unknown
1_0xb3d4a9b1a06da3b310665a787b42f3e3b05f75e4,0xb3d4a9b1a06da3b310665a787b42f3e3b05f75e4,unknown
1_0xd8fed689e42b18c19007a42f9295d4a5d3fbace0,0xd8fed689e42b18c19007a42f9295d4a5d3fbace0,unknown
1_0x12e75d4eed7787685ad188a403395708d92ddab6,0x12e75d4eed7787685ad188a403395708d92ddab6,unknown
1_0x43ac65c6b5839b83d54bde37680296a24170e8a1,0x43ac65c6b5839b83d54bde37680296a24170e8a1,unknown
1_0x10ff29092f4ebe3425f6e59e6da2fab1c6adbab0,0x10ff29092f4ebe3425f6e59e6da2fab1c6adbab0,unknown
1_0x520af6af436d2de0cbe19ece6dfd3a56614b1ad8,0x520af6af436d2de0cbe19ece6dfd3a56614b1ad8,unknown
1_0x33d09b43e0b646baf2a366fa6dd637cc0a94bfd8,0x33d09b43e0b646baf2a366fa6dd637cc0a94bfd8,unknown
1_0x5e02b80d4940e7f27a957f125f2d5c277fc4ec79,0x5e02b80d4940e7f27a957f125f2d5c277fc4ec79,unknown
1_0x72de357a1a03094c5d0adbd2e75e703e2ed9af25,0x72de357a1a03094c5d0adbd2e75e703e2ed9af25,unknown
1_0x5568c8a4ee6585c93f218ecfa7f1c1f16f46385a,0x5568c8a4ee6585c93f218ecfa7f1c1f16f46385a,unknown
1_0x8245e5fa092e74673f409744c93e2f6fff03b62e,0x8245e5fa092e74673f409744c93e2f6fff03b62e,unknown
1_0x9bc8d8faa35297021e1a07386def3576481040bb,0x9bc8d8faa35297021e1a07386def3576481040bb,unknown
1_0xad5893a7e8f0a4cf2e164fe5e21eb64d8f84d832,0xad5893a7e8f0a4cf2e164fe5e21eb64d8f84d832,unknown
1_0xb1dd77b17a245fecdbdd7c194627aa6db5e2b1eb,0xb1dd77b17a245fecdbdd7c194627aa6db5e2b1eb,unknown
1_0xfaa190aa24d2e31c0d2b9539c040f4876062b8ed,0xfaa190aa24d2e31c0d2b9539c040f4876062b8ed,unknown
1_0xc79dc3adb4a48c11aaf729f1c61b142a8885c0a3,0xc79dc3adb4a48c11aaf729f1c61b142a8885c0a3,unknown
1_0x134c1bb8eea5f7232fa895bd1393445d41e5528e,0x134c1bb8eea5f7232fa895bd1393445d41e5528e,unknown
1_0x90a1091c2269f2ebcc697781bd50e2befb391f45,0x90a1091c2269f2ebcc697781bd50e2befb391f45,unknown
1_0xf075e5c8eef25351dbcfcdd8048bbefbb3fbae36,0xf075e5c8eef25351dbcfcdd8048bbefbb3fbae36,unknown
1_0x653c34c93de9a40dc70a5c8161b8ab1eb2a9dd23,0x653c34c93de9a40dc70a5c8161b8ab1eb2a9dd23,unknown
1_0x7171e73b13c2998dc979949529eb393b34576179,0x7171e73b13c2998dc979949529eb393b34576179,unknown
1_0xa9f58ebfb0a3ad4575bfb3f52e0312272dedce4e,0xa9f58ebfb0a3ad4575bfb3f52e0312272dedce4e,unknown
1_0xdeec2d4392b5c95e120631b9f63334eb26fe41cc,0xdeec2d4392b5c95e120631b9f63334eb26fe41cc,unknown
1_0x3ab881f029eab8099648d729925b768c163e301c,0x3ab881f029eab8099648d729925b768c163e301c,unknown
1_0x753ad4189fed54540b78ae1ed8f4f4692da5d858,0x753ad4189fed54540b78ae1ed8f4f4692da5d858,unknown
1_0x0eff27ab08e00ceac8eb5334f179b3c03456aaf1,0x0eff27ab08e00ceac8eb5334f179b3c03456aaf1,unknown
1_0x14194994d4b558b6a5a7cebfe181473bd2b74b83,0x14194994d4b558b6a5a7cebfe181473bd2b74b83,unknown
1_0x38a00644d1a7c8289fe6090e33c16aff2fec7ff2,0x38a00644d1a7c8289fe6090e33c16aff2fec7ff2,unknown
1_0x6d775909b4dd3240327f854e056eb9d15ca4a35c,0x6d775909b4dd3240327f854e056eb9d15ca4a35c,unknown
1_0xc4661190960fd5adae0c6ac10892c5f3efad6be1,0xc4661190960fd5adae0c6ac10892c5f3efad6be1,unknown
1_0x10774202e45b3fcbc4c7613bba9d583ad853037b,0x10774202e45b3fcbc4c7613bba9d583ad853037b,unknown
1_0xcdd37ada79f589c15bd4f8fd2083dc88e34a2af2,0xcdd37ada79f589c15bd4f8fd2083dc88e34a2af2,unknown
1_0xfe7c4bf0cd9cc080d38933c2680d08a939b4be2d,0xfe7c4bf0cd9cc080d38933c2680d08a939b4be2d,unknown
1_0x95222290dd7278aa3ddd389cc1e1d165cc4bafe5,0x95222290dd7278aa3ddd389cc1e1d165cc4bafe5,unknown
1_0x004c00500000ad104d7dbd00e3ae0a5c00560c00,0x004c00500000ad104d7dbd00e3ae0a5c00560c00,unknown
1_0x000000000000aaeb6d7670e522a718067333cd4e,0x000000000000aaeb6d7670e522a718067333cd4e,unknown
1_0x0000a26b00c1f0df003000390027140000faa719,0x0000a26b00c1f0df003000390027140000faa719,unknown
1_0x204552e33c3500d346ab257dc159b9f9f597fc91,0x204552e33c3500d346ab257dc159b9f9f597fc91,unknown
1_0xc7b19a41771cd15ec804fb202ae8bf13cf2c6f0b,0xc7b19a41771cd15ec804fb202ae8bf13cf2c6f0b,unknown
1_0x91fbe07758def2ec4a8ce341e0b2cabccb12cf54,0x91fbe07758def2ec4a8ce341e0b2cabccb12cf54,unknown
1_0x2dcc7c4ab800bf67380e2553be1e6891a36f18e7,0x2dcc7c4ab800bf67380e2553be1e6891a36f18e7,unknown
1_0xe97103c3c8aa58709c2920c831d1baf97d5dd5d1,0xe97103c3c8aa58709c2920c831d1baf97d5dd5d1,unknown
1_0x55ad3bbafaccb70f646c50a6699bf50bfc3ed603,0x55ad3bbafaccb70f646c50a6699bf50bfc3ed603,unknown
1_0x5198b9cafaa588870d10a127f1e249b18c0fa2bd,0x5198b9cafaa588870d10a127f1e249b18c0fa2bd,unknown
1_0x05fa91c59008813c95ec49e7dbcdd8890cc99fb7,0x05fa91c59008813c95ec49e7dbcdd8890cc99fb7,unknown
1_0xa7b474f21f36fbe5d105bd64623b42975e64cecd,0xa7b474f21f36fbe5d105bd64623b42975e64cecd,unknown
1_0xad2614a07acf3084c6adbb75a3bf7f43244f2f7c,0xad2614a07acf3084c6adbb75a3bf7f43244f2f7c,unknown
1_0xf3b9569f82b18aef890de263b84189bd33ebe452,0xf3b9569f82b18aef890de263b84189bd33ebe452,unknown
1_0x6dfd404a0def11b58b464dd17092e855e46f8a42,0x6dfd404a0def11b58b464dd17092e855e46f8a42,unknown
1_0xcbd6832ebc203e49e2b771897067fce3c58575ac,0xcbd6832ebc203e49e2b771897067fce3c58575ac,unknown
1_0xb77feddb7e627a78140a2a32cac65a49ed1dba8e,0xb77feddb7e627a78140a2a32cac65a49ed1dba8e,unknown
1_0x750f450275aa222f95c7062d7abbad01548d2fd9,0x750f450275aa222f95c7062d7abbad01548d2fd9,unknown
1_0xdac17f958d2ee523a2206206994597c13d831ec7,0xdac17f958d2ee523a2206206994597c13d831ec7,unknown
1_0x1ca5694e2baa4a4d1fc95f3cb01d8a940b336908,0x1ca5694e2baa4a4d1fc95f3cb01d8a940b336908,unknown
1_0x9a989735ad76b2a7e0f888069dadfffbacdbe267,0x9a989735ad76b2a7e0f888069dadfffbacdbe267,unknown
1_0x94693c9e342f759272d6f7b481703df8e83b1818,0x94693c9e342f759272d6f7b481703df8e83b1818,unknown
1_0xf3821adaceb6500c0a202971aecf840a033f236b,0xf3821adaceb6500c0a202971aecf840a033f236b,unknown
1_0xa2327a938febf5fec13bacfb16ae10ecbc4cbdcf,0xa2327a938febf5fec13bacfb16ae10ecbc4cbdcf,unknown
1_0x4ab1e11a5bf2348d98c37dc8e2f69670d98dd732,0x4ab1e11a5bf2348d98c37dc8e2f69670d98dd732,unknown
1_0x22be5f8a44765ba842c1ae2375d9d8137150bba6,0x22be5f8a44765ba842c1ae2375d9d8137150bba6,unknown
1_0xf8b209322e6b01f3fd87d4131d0c96a599287b8e,0xf8b209322e6b01f3fd87d4131d0c96a599287b8e,unknown
1_0x3506424f91fd33084466f402d5d97f05f8e3b4af,0x3506424f91fd33084466f402d5d97f05f8e3b4af,unknown
1_0x7c195d981abfdc3ddecd2ca0fed0958430488e34,0x7c195d981abfdc3ddecd2ca0fed0958430488e34,unknown
1_0xf3e778f839934fc819cfa1040aabacecba01e049,0xf3e778f839934fc819cfa1040aabacecba01e049,unknown
1_0x3252d4221f92b7af3774da8312f01600ec84b252,0x3252d4221f92b7af3774da8312f01600ec84b252,unknown
1_0x9f344834752cb3a8c54c3ddcd41da4042b10d0b9,0x9f344834752cb3a8c54c3ddcd41da4042b10d0b9,unknown
1_0x001fd67583b0a575ff4aa1825405e94221611cce,0x001fd67583b0a575ff4aa1825405e94221611cce,unknown
1_0x7d1afa7b718fb893db30a3abc0cfc608aacfebb0,0x7d1afa7b718fb893db30a3abc0cfc608aacfebb0,unknown
1_0x382ffce2287252f930e1c8dc9328dac5bf282ba1,0x382ffce2287252f930e1c8dc9328dac5bf282ba1,unknown
1_0xf9b30557afcf76ea82c04015d80057fa2147dfa9,0xf9b30557afcf76ea82c04015d80057fa2147dfa9,unknown
1_0x7b32e70e8d73ac87c1b342e063528b2930b15ceb,0x7b32e70e8d73ac87c1b342e063528b2930b15ceb,unknown
1_0xe16bb2981ae125f1a89a4781509eda817594bad4,0xe16bb2981ae125f1a89a4781509eda817594bad4,unknown
1_0x5864c777697bf9881220328bf2f16908c9afcd7e,0x5864c777697bf9881220328bf2f16908c9afcd7e,unknown
1_0x968b6210cafb39ddf70d08afdbf092b35542f25c,0x968b6210cafb39ddf70d08afdbf092b35542f25c,unknown
1_0x0f5743bf80d46622839b09cf426983d6b0b6a017,0x0f5743bf80d46622839b09cf426983d6b0b6a017,unknown
1_0x91b105c43a87e75b0d7178ccc4db284a626a1252,0x91b105c43a87e75b0d7178ccc4db284a626a1252,unknown
1_0xa12d05a7656be9dd46f575182893ec94193cc60e,0xa12d05a7656be9dd46f575182893ec94193cc60e,unknown
1_0x6bf5ed59de0e19999d264746843ff931c0133090,0x6bf5ed59de0e19999d264746843ff931c0133090,unknown
1_0xb43eebac012cb2f12e1ec258a6ece20a7aa4712f,0xb43eebac012cb2f12e1ec258a6ece20a7aa4712f,unknown
1_0x24da31e7bb182cb2cabfef1d88db19c2ae1f5572,0x24da31e7bb182cb2cabfef1d88db19c2ae1f5572,unknown
1_0xa8182abee28c21a0b318b50959fa7e8cfcb10e6c,0xa8182abee28c21a0b318b50959fa7e8cfcb10e6c,unknown
1_0xe45da8d6ac8b7f4bef70c94155302448500cb3b5,0xe45da8d6ac8b7f4bef70c94155302448500cb3b5,unknown
1_0xb3999f658c0391d94a37f7ff328f3fec942bcadc,0xb3999f658c0391d94a37f7ff328f3fec942bcadc,unknown
1_0x22f26d7b074391c483a9952ef2e2b8f6b208d897,0x22f26d7b074391c483a9952ef2e2b8f6b208d897,unknown
1_0x4bba9b6b49f3dfa6615f079e9d66b0aa68b04a4d,0x4bba9b6b49f3dfa6615f079e9d66b0aa68b04a4d,unknown
1_0xca7ca7bcc765f77339be2d648ba53ce9c8a262bd,0xca7ca7bcc765f77339be2d648ba53ce9c8a262bd,unknown
1_0x3c4b6e6e1ea3d4863700d7f76b36b7f3d3f13e3d,0x3c4b6e6e1ea3d4863700d7f76b36b7f3d3f13e3d,unknown
1_0x195fce941ae0c972b8dc814d2059537b67f14038,0x195fce941ae0c972b8dc814d2059537b67f14038,unknown
1_0x663e4229142a27f00bafb5d087e1e730648314c3,0x663e4229142a27f00bafb5d087e1e730648314c3,unknown
1_0x160c7ca8faeed71c1eb21d2c73cb6366c385d216,0x160c7ca8faeed71c1eb21d2c73cb6366c385d216,unknown
1_0x857119b6b4c787c7d02fe2a570cde1c9146871d6,0x857119b6b4c787c7d02fe2a570cde1c9146871d6,unknown
1_0xa1eeeb677a121327ea2643fb47a23fec304edd00,0xa1eeeb677a121327ea2643fb47a23fec304edd00,unknown
1_0x973495e81180cd6ead654328a0bebe01c8ad53ea,0x973495e81180cd6ead654328a0bebe01c8ad53ea,unknown
1_0xfd23f971696576331fcf96f80a20b4d3b31ca5b2,0xfd23f971696576331fcf96f80a20b4d3b31ca5b2,unknown
1_0xa8d3deb21d981e6ac5989b5497c9337432af4c48,0xa8d3deb21d981e6ac5989b5497c9337432af4c48,unknown
1_0xec4b7e68ed580d2e94479609567f6f5c07ea82ba,0xec4b7e68ed580d2e94479609567f6f5c07ea82ba,unknown
1_0x0bf7b603389795e109a13140ecb07036a1534573,0x0bf7b603389795e109a13140ecb07036a1534573,unknown
1_0x4270eb53c020b8dcc0315c5264bf90810e0dea27,0x4270eb53c020b8dcc0315c5264bf90810e0dea27,unknown
1_0x361b361061ab3ae5ddc75cc06c2ef05f2645f4b6,0x361b361061ab3ae5ddc75cc06c2ef05f2645f4b6,unknown
1_0xa667502bf7f5da45c7b6a70da7f0595e6cf342d8,0xa667502bf7f5da45c7b6a70da7f0595e6cf342d8,unknown
1_0x2457d958dbebacc9daa41b47592faca5845f8fc3,0x2457d958dbebacc9daa41b47592faca5845f8fc3,unknown
1_0x55a6c7c923b33b4b4cb119c5ee3f10cf841f4e18,0x55a6c7c923b33b4b4cb119c5ee3f10cf841f4e18,unknown
1_0xdc9c17662133fb865e7ba3198b67c53a617b2153,0xdc9c17662133fb865e7ba3198b67c53a617b2153,unknown
1_0x8f1f6017f0b186fc67260ee7ec9c9a9d7d032294,0x8f1f6017f0b186fc67260ee7ec9c9a9d7d032294,unknown
1_0x62b66264d876612b9e5a955b0d812eb37b52d950,0x62b66264d876612b9e5a955b0d812eb37b52d950,unknown
1_0x41d5d79431a913c4ae7d69a668ecdfe5ff9dfb68,0x41d5d79431a913c4ae7d69a668ecdfe5ff9dfb68,unknown
1_0xebe8eea54fa95057b2a68f30c14bad0827861189,0xebe8eea54fa95057b2a68f30c14bad0827861189,unknown
1_0x06ad7bb40decf80c054483c924c8c2a50ab86985,0x06ad7bb40decf80c054483c924c8c2a50ab86985,unknown
1_0x930c746a6e92ca8122682df48cd5020bc1771b32,0x930c746a6e92ca8122682df48cd5020bc1771b32,unknown
1_0x62b8d788634d2783615e031e9936adf7da1af0ba,0x62b8d788634d2783615e031e9936adf7da1af0ba,unknown
1_0x1cf1b56c4c102cc11501c341ca8f7649b193ec86,0x1cf1b56c4c102cc11501c341ca8f7649b193ec86,unknown
1_0x142fd5b9d67721efda3a5e2e9be47a96c9b724a4,0x142fd5b9d67721efda3a5e2e9be47a96c9b724a4,unknown
1_0x3ed9707718a0a41464c905aed5fbc5a067236c0e,0x3ed9707718a0a41464c905aed5fbc5a067236c0e,unknown
1_0xd21a23606d2746f086f6528cd6873bad3307b903,0xd21a23606d2746f086f6528cd6873bad3307b903,unknown
1_0x0b22fe0a2995c5389ac093400e52471dca8bb48a,0x0b22fe0a2995c5389ac093400e52471dca8bb48a,unknown
1_0x37bc7498f4ff12c19678ee8fe19d713b87f6a9e6,0x37bc7498f4ff12c19678ee8fe19d713b87f6a9e6,unknown
1_0x00000000000c2e074ec69a0dfb2997ba6c7d2e1e,0x00000000000c2e074ec69a0dfb2997ba6c7d2e1e,unknown
1_0x5c5e40407c357eefdbe0a8bc16aedb08983f9087,0x5c5e40407c357eefdbe0a8bc16aedb08983f9087,unknown
1_0x40527d5ef1f196698717283995a813b4896d5245,0x40527d5ef1f196698717283995a813b4896d5245,unknown
1_0xa3aee8bce55beea1951ef834b99f3ac60d1abeeb,0xa3aee8bce55beea1951ef834b99f3ac60d1abeeb,unknown
1_0x23581767a106ae21c074b2276d25e5c3e136a68b,0x23581767a106ae21c074b2276d25e5c3e136a68b,unknown
1_0x277f653b2b5d9212b584cce245be75aa3c8fa46b,0x277f653b2b5d9212b584cce245be75aa3c8fa46b,unknown
1_0xdd0d63220265927b29646cb7d4684d5fa6df4cb8,0xdd0d63220265927b29646cb7d4684d5fa6df4cb8,unknown
1_0x2d3fc875de7fe7da43ad0afa0e7023c9b91d06b1,0x2d3fc875de7fe7da43ad0afa0e7023c9b91d06b1,unknown
1_0xc881addf409ee2c4b6bbc8b607c2c5cafab93d25,0xc881addf409ee2c4b6bbc8b607c2c5cafab93d25,unknown
1_0x9cc58bf22a173c0fa8791c13df396d18185d62b2,0x9cc58bf22a173c0fa8791c13df396d18185d62b2,unknown
1_0x579af6fd30bf83a5ac0d636bc619f98dbdeb930c,0x579af6fd30bf83a5ac0d636bc619f98dbdeb930c,unknown
1_0x55010472a93921a117aad9b055c141060c8d8022,0x55010472a93921a117aad9b055c141060c8d8022,unknown
1_0x34d85c9cdeb23fa97cb08333b511ac86e1c4e258,0x34d85c9cdeb23fa97cb08333b511ac86e1c4e258,unknown
1_0xc739d01beb34e380461bba9ef8ed1a44874382be,0xc739d01beb34e380461bba9ef8ed1a44874382be,unknown
1_0x05da517b1bf9999b7762eaefa8372341a1a47559,0x05da517b1bf9999b7762eaefa8372341a1a47559,unknown
1_0x7d29a64504629172a429e64183d6673b9dacbfce,0x7d29a64504629172a429e64183d6673b9dacbfce,unknown
1_0x306821d2f66e1aa61eb2a2d904da6489b8491713,0x306821d2f66e1aa61eb2a2d904da6489b8491713,unknown
1_0xb38827497daf7f28261910e33e22219de087c8f5,0xb38827497daf7f28261910e33e22219de087c8f5,unknown
1_0x4c2bbdbeccae1c492c681158a46eae498a05627b,0x4c2bbdbeccae1c492c681158a46eae498a05627b,unknown
1_0x3a35a3102b5c6bd1e4d3237248be071ef53c8331,0x3a35a3102b5c6bd1e4d3237248be071ef53c8331,unknown
1_0x0000000000b92d5d043faf7cecf7e2ee6aaed232,0x0000000000b92d5d043faf7cecf7e2ee6aaed232,unknown
1_0x17584a148d27ac5d06d87771464dacbaf625ce45,0x17584a148d27ac5d06d87771464dacbaf625ce45,unknown
1_0x6fd690eb509bde4c50028c5d9c0de3750c2fad6a,0x6fd690eb509bde4c50028c5d9c0de3750c2fad6a,unknown
1_0x8943c7bac1914c9a7aba750bf2b6b09fd21037e0,0x8943c7bac1914c9a7aba750bf2b6b09fd21037e0,unknown
1_0x6b175474e89094c44da98b954eedeac495271d0f,0x6b175474e89094c44da98b954eedeac495271d0f,unknown
1_0x4d846da8257bb0ebd164eff513dff0f0c2c3c0ba,0x4d846da8257bb0ebd164eff513dff0f0c2c3c0ba,unknown
1_0x4b5b7eb2832694ab75cc71434febac11c6930b9e,0x4b5b7eb2832694ab75cc71434febac11c6930b9e,unknown
1_0x4e3fbd56cd56c3e72c1403e103b45db9da5b9d2b,0x4e3fbd56cd56c3e72c1403e103b45db9da5b9d2b,unknown
1_0xc3f733ca98e0dad0386979eb96fb1722a1a05e69,0xc3f733ca98e0dad0386979eb96fb1722a1a05e69,unknown
1_0x0b08feabc2ca95e1fec75f0ff32a004f5adaf50a,0x0b08feabc2ca95e1fec75f0ff32a004f5adaf50a,unknown
1_0x408e41876cccdc0f92210600ef50372656052a38,0x408e41876cccdc0f92210600ef50372656052a38,unknown
1_0x4c09c9ecf9eac125958a4bc02e8c3d6d39c1a0f5,0x4c09c9ecf9eac125958a4bc02e8c3d6d39c1a0f5,unknown
1_0x1b1f7f5e38bd9e23c8cc4170984ea80d08e20259,0x1b1f7f5e38bd9e23c8cc4170984ea80d08e20259,unknown
1_0xa0b73e1ff0b80914ab6fe0444e65848c4c34450b,0xa0b73e1ff0b80914ab6fe0444e65848c4c34450b,unknown
1_0x912fd21d7a69678227fe6d08c64222db41477ba0,0x912fd21d7a69678227fe6d08c64222db41477ba0,unknown
1_0xcd0619bfc163d07aa36e1b7ebb0e091883d1c072,0xcd0619bfc163d07aa36e1b7ebb0e091883d1c072,unknown
1_0xde1fcfb0851916ca5101820a69b13a4e276bd81f,0xde1fcfb0851916ca5101820a69b13a4e276bd81f,unknown
1_0x388c818ca8b9251b393131c08a736a67ccb19297,0x388c818ca8b9251b393131c08a736a67ccb19297,unknown
1_0x7670002f3651691f518267d1b9f38a2b8d63c8a6,0x7670002f3651691f518267d1b9f38a2b8d63c8a6,unknown
1_0xb43767af683c919d1d74b980f5ce40b15f62cdf2,0xb43767af683c919d1d74b980f5ce40b15f62cdf2,unknown
1_0x0ceff1129091a0ffa97cc58d4d160f9676866a24,0x0ceff1129091a0ffa97cc58d4d160f9676866a24,unknown
1_0x5f890841f657d90e081babdb532a05996af79fe6,0x5f890841f657d90e081babdb532a05996af79fe6,unknown
1_0x6c3f90f043a72fa612cbac8115ee7e52bde6e490,0x6c3f90f043a72fa612cbac8115ee7e52bde6e490,unknown
1_0xbea0000029ad1c77d3d5d23ba2d8893db9d1efab,0xbea0000029ad1c77d3d5d23ba2d8893db9d1efab,unknown
1_0xd9c2d319cd7e6177336b0a9c93c21cb48d84fb54,0xd9c2d319cd7e6177336b0a9c93c21cb48d84fb54,unknown
1_0x03425d06e61315c05a7e431c9bcc9a9324669d5c,0x03425d06e61315c05a7e431c9bcc9a9324669d5c,unknown
1_0xb8563ad5af1f79dd04937be8b572318c8e6f43ac,0xb8563ad5af1f79dd04937be8b572318c8e6f43ac,unknown
1_0x97aa9658cfe27d6382b71ff9e72d773615bd529e,0x97aa9658cfe27d6382b71ff9e72d773615bd529e,unknown
1_0xbe1b2dfb095c59da22df63df4bc8f92e11a2f620,0xbe1b2dfb095c59da22df63df4bc8f92e11a2f620,unknown
1_0x6e77603361df25a08558ba9fa6b7b3102c9a2824,0x6e77603361df25a08558ba9fa6b7b3102c9a2824,unknown
1_0xf66c754417e0488c313c3cfadc5806dbf8d12fd8,0xf66c754417e0488c313c3cfadc5806dbf8d12fd8,unknown
1_0xc1f7ff0a9ef8be062c97e6875cac5fe46189312c,0xc1f7ff0a9ef8be062c97e6875cac5fe46189312c,unknown
1_0x8c750597ed29ef16a1bf41025aecef527e479175,0x8c750597ed29ef16a1bf41025aecef527e479175,unknown
1_0x6acbd3a4a924b23e295181e4a6f6677a9befeda0,0x6acbd3a4a924b23e295181e4a6f6677a9befeda0,unknown
1_0x8642dcd76a7c50d751ad062dd7643a595e941a40,0x8642dcd76a7c50d751ad062dd7643a595e941a40,unknown
1_0xea90f5459cf60a0eb958a4658c27170ab47b18d4,0xea90f5459cf60a0eb958a4658c27170ab47b18d4,unknown
1_0x37f7be01a006efc949c215c86a8ce51a93f5ac6a,0x37f7be01a006efc949c215c86a8ce51a93f5ac6a,unknown
1_0xf6a795361bd7ed3bf6be8fe1939fa4867c7caa4b,0xf6a795361bd7ed3bf6be8fe1939fa4867c7caa4b,unknown
1_0x61c0f01a77dbb995346e3e508575670ec49b5615,0x61c0f01a77dbb995346e3e508575670ec49b5615,unknown
1_0x95ad61b0a150d79219dcf64e1e6cc01f0b64c4ce,0x95ad61b0a150d79219dcf64e1e6cc01f0b64c4ce,unknown
1_0x27476f72b9f721a6dae44433e47400f514dde30b,0x27476f72b9f721a6dae44433e47400f514dde30b,unknown
1_0x9028b16494a9363f3eaaf381a6fde67296abc68c,0x9028b16494a9363f3eaaf381a6fde67296abc68c,unknown
1_0x57afad8d54dec8d995c9e48a3c1b5f6393d1125e,0x57afad8d54dec8d995c9e48a3c1b5f6393d1125e,unknown
1_0x8d0625b94a53f49c7f38ffbde217946c8b2c0c39,0x8d0625b94a53f49c7f38ffbde217946c8b2c0c39,unknown
1_0xf7c9d7933729a631177c7e101e32e4d9fa8bbb6e,0xf7c9d7933729a631177c7e101e32e4d9fa8bbb6e,unknown
1_0xa5d011c1144cd8025772e546bbab32c36c5aa026,0xa5d011c1144cd8025772e546bbab32c36c5aa026,unknown
1_0x157526c30fe06abaacca9880b0ca9d229df68d09,0x157526c30fe06abaacca9880b0ca9d229df68d09,unknown
1_0x16714eb1715ff0c8cca3695641a7fea11f628b74,0x16714eb1715ff0c8cca3695641a7fea11f628b74,unknown
1_0x9d92c601535276665c850f05add536ce1c99dc43,0x9d92c601535276665c850f05add536ce1c99dc43,unknown
1_0xa65aa08bde79c27cf6fa63f89df1e9269ad9fd1d,0xa65aa08bde79c27cf6fa63f89df1e9269ad9fd1d,unknown
1_0xb25b8c5f41cea2bc1c3aeb22261cbbcb877ca8de,0xb25b8c5f41cea2bc1c3aeb22261cbbcb877ca8de,unknown
1_0x867ae719902f8ba4aaf475edb342cd59bdb6804a,0x867ae719902f8ba4aaf475edb342cd59bdb6804a,unknown
1_0x1f9840a85d5af5bf1d1762f925bdaddc4201f984,0x1f9840a85d5af5bf1d1762f925bdaddc4201f984,unknown
1_0xf2bbc1db6666cfedfad239930505f47f5029171b,0xf2bbc1db6666cfedfad239930505f47f5029171b,unknown
1_0xc944e90c64b2c07662a292be6244bdf05cda44a7,0xc944e90c64b2c07662a292be6244bdf05cda44a7,unknown
1_0x28c6c06298d514db089934071355e5743bf21d60,0x28c6c06298d514db089934071355e5743bf21d60,unknown
1_0xd533a949740bb3306d119cc777fa900ba034cd52,0xd533a949740bb3306d119cc777fa900ba034cd52,unknown
1_0xba100000625a3754423978a60c9317c58a424e3d,0xba100000625a3754423978a60c9317c58a424e3d,unknown
1_0xb89bd5c942914289fdf4356e1be25f9a8824343f,0xb89bd5c942914289fdf4356e1be25f9a8824343f,unknown
1_0xfa9f7a1cbfbcb688729c522b4f0905ccf4d26d25,0xfa9f7a1cbfbcb688729c522b4f0905ccf4d26d25,unknown
1_0x0e8bff23f229d98e422f51b86c7eb2d3efab96bf,0x0e8bff23f229d98e422f51b86c7eb2d3efab96bf,unknown
1_0x5572303165aa526a52f0c69b2215d292e734af13,0x5572303165aa526a52f0c69b2215d292e734af13,unknown
1_0xa5409ec958c83c3f309868babaca7c86dcb077c1,0xa5409ec958c83c3f309868babaca7c86dcb077c1,unknown
1_0xa1d4657e0e6507d5a94d06da93e94dc7c8c44b51,0xa1d4657e0e6507d5a94d06da93e94dc7c8c44b51,unknown
1_0x1bf5457ecaa14ff63cc89efd560e251e814e16ba,0x1bf5457ecaa14ff63cc89efd560e251e814e16ba,unknown
1_0x579cea1889991f68acc35ff5c3dd0621ff29b0c9,0x579cea1889991f68acc35ff5c3dd0621ff29b0c9,unknown
1_0x641b698ad1c6e503470520b0eecb472c0589dfe6,0x641b698ad1c6e503470520b0eecb472c0589dfe6,unknown
1_0x3be0b48756cda9fc9a436d3fea02f0e899aef569,0x3be0b48756cda9fc9a436d3fea02f0e899aef569,unknown
1_0x44a6999ec971cfca458aff25a808f272f6d492a2,0x44a6999ec971cfca458aff25a808f272f6d492a2,unknown
1_0xb2bc06a4efb20fc6553a69dbfa49b7be938034a7,0xb2bc06a4efb20fc6553a69dbfa49b7be938034a7,unknown
1_0xd8e10b0689d0b2f28136777635caa4abd2bb9f04,0xd8e10b0689d0b2f28136777635caa4abd2bb9f04,unknown
1_0x29f80c1f685e19ae1807063eda432f431ac623d0,0x29f80c1f685e19ae1807063eda432f431ac623d0,unknown
1_0x8146cbbe327364b13d0699f2ced39c637f92501a,0x8146cbbe327364b13d0699f2ced39c637f92501a,unknown
1_0xea500d073652336a58846ada15c25f2c6d2d241f,0xea500d073652336a58846ada15c25f2c6d2d241f,unknown
1_0x0a11ee015aed07eb1f4b78f88c8d68056f404c37,0x0a11ee015aed07eb1f4b78f88c8d68056f404c37,unknown
1_0x64b29dc43e817817cf77468c8dda63d98ce08fb2,0x64b29dc43e817817cf77468c8dda63d98ce08fb2,unknown
1_0x1b3968e3f543bba37339953e8ae975a6f581f5e0,0x1b3968e3f543bba37339953e8ae975a6f581f5e0,unknown
1_0x79c82bc011b957a186221831d669b96efda7bb25,0x79c82bc011b957a186221831d669b96efda7bb25,unknown
1_0x2b3e08774e9874f6e3487889651553dd2e4467da,0x2b3e08774e9874f6e3487889651553dd2e4467da,unknown
1_0x0b17cbf93a6bc286a2760ad206b03d4e42997382,0x0b17cbf93a6bc286a2760ad206b03d4e42997382,unknown
1_0xe41d2489571d322189246dafa5ebde1f4699f498,0xe41d2489571d322189246dafa5ebde1f4699f498,unknown
1_0xa01599e0f84816564547043784f74ec134da596b,0xa01599e0f84816564547043784f74ec134da596b,unknown
1_0x88ae9b800ad8cd6c4608564083c2cc1ffcf5f9e8,0x88ae9b800ad8cd6c4608564083c2cc1ffcf5f9e8,unknown
1_0xa09bc35214e94708e20199179827b561e9c8d24e,0xa09bc35214e94708e20199179827b561e9c8d24e,unknown
1_0x9b2cdedc2c9ebc2cf6a7ce809e1445193ae9c940,0x9b2cdedc2c9ebc2cf6a7ce809e1445193ae9c940,unknown
1_0x4d224452801aced8b2f0aebe155379bb5d594381,0x4d224452801aced8b2f0aebe155379bb5d594381,unknown
1_0xea5edef1a7106d9e2024240299df3d00c7d94767,0xea5edef1a7106d9e2024240299df3d00c7d94767,unknown
1_0xe15e9c0bf6b6b29d3b9e1c921ab2cb09c2194463,0xe15e9c0bf6b6b29d3b9e1c921ab2cb09c2194463,unknown
1_0x0bcf6ec45d7f86a1ba52ff29dc856eca913349eb,0x0bcf6ec45d7f86a1ba52ff29dc856eca913349eb,unknown
1_0x2dd4b6ee73ab76d2381b5e43d166e836ee322033,0x2dd4b6ee73ab76d2381b5e43d166e836ee322033,unknown
1_0x04677d842bd4c589325217d7da993efe701e6d6e,0x04677d842bd4c589325217d7da993efe701e6d6e,unknown
1_0x615ff3becda0bb765c372d8d6e545c8b10ec9d14,0x615ff3becda0bb765c372d8d6e545c8b10ec9d14,unknown
1_0xa178b16116b4a916348f6279c7260aaac90da689,0xa178b16116b4a916348f6279c7260aaac90da689,unknown
1_0x5bc5fb83950bbbf156e433c5c098bfe533db4021,0x5bc5fb83950bbbf156e433c5c098bfe533db4021,unknown
1_0xa0ed0562629d45b88a34a342f20deb58c46c15ff,0xa0ed0562629d45b88a34a342f20deb58c46c15ff,unknown
1_0xc13eac3b4f9eed480045113b7af00f7b5655ece8,0xc13eac3b4f9eed480045113b7af00f7b5655ece8,unknown
1_0xda6f9b1feded6a2f26a7869b06254adfe7e207cd,0xda6f9b1feded6a2f26a7869b06254adfe7e207cd,unknown
1_0xb41ec6e014e2ad12ae8514216eab2592b74f19e7,0xb41ec6e014e2ad12ae8514216eab2592b74f19e7,unknown
1_0x9be264469ef954c139da4a45cf76cbcc5e3a6a73,0x9be264469ef954c139da4a45cf76cbcc5e3a6a73,unknown
1_0xebd64b5f2e3028fb887d40cc69570d2c59b16bdc,0xebd64b5f2e3028fb887d40cc69570d2c59b16bdc,unknown
1_0x514910771af9ca656af840dff83e8264ecf986ca,0x514910771af9ca656af840dff83e8264ecf986ca,unknown
1_0xd6419f809083615b03f4f6e5f58c067c969bee59,0xd6419f809083615b03f4f6e5f58c067c969bee59,unknown
1_0x2b33cf282f867a7ff693a66e11b0fcc5552e4425,0x2b33cf282f867a7ff693a66e11b0fcc5552e4425,unknown
1_0xde3a93028f2283cc28756b3674bd657eafb992f4,0xde3a93028f2283cc28756b3674bd657eafb992f4,unknown
1_0x93057021ae968dc85a3bd3de66f5034b72eaf410,0x93057021ae968dc85a3bd3de66f5034b72eaf410,unknown
1_0x06df3b2bbb68adc8b0e302443692037ed9f91b42,0x06df3b2bbb68adc8b0e302443692037ed9f91b42,unknown
1_0xa4965efe52398c34cdbe2cb4d732204e30ebd851,0xa4965efe52398c34cdbe2cb4d732204e30ebd851,unknown
1_0xdeaddeaddeaddeaddeaddeaddeaddeaddeaddead,0xdeaddeaddeaddeaddeaddeaddeaddeaddeaddead,unknown
1_0x275515dd5154c66843994a47e3d9e2f68de2216b,0x275515dd5154c66843994a47e3d9e2f68de2216b,unknown
1_0x754172d561258a26c6600c34f211e55c535408ca,0x754172d561258a26c6600c34f211e55c535408ca,unknown
1_0x6b45a8fef68da30973400c04b0dd694c8be080a6,0x6b45a8fef68da30973400c04b0dd694c8be080a6,unknown
1_0x000000000000000000000000000000000000dead,0x000000000000000000000000000000000000dead,unknown
1_0xd5eab5726bcd05a62becc74bdac5df9c7fa93622,0xd5eab5726bcd05a62becc74bdac5df9c7fa93622,unknown
1_0x35e78b3982e87ecfd5b3f3265b601c046cdbe232,0x35e78b3982e87ecfd5b3f3265b601c046cdbe232,unknown
1_0xe35bbafa0266089f95d745d348b468622805d82b,0xe35bbafa0266089f95d745d348b468622805d82b,unknown
